/*******************************************************************************
 * Size: 16 px
 * Bpp: 1
 * Opts: --size 16 --bpp 1 --format lvgl --font C:\Users\50538\AppData\Local\Temp\NotoSansSC-700.ttf -r 0x20-0x7E --symbols 记忆通行证·交互原型◆可穿戴设备界面预览屏幕基准为×竖使用下方三枚按键体验完整流程电量百分之八十五游戏提示上↑↓确定●实当前页：开机操作说明像一样点击的“、”，或盘向与回车。短进入长返主菜单重新到对应画选择认中每次都会让器人移动同名块并跳起；播放时也跟随范围本已覆盖列表难度顺序复现结果础置更多功能退出轮生成只保留玩法录和版信息不硬件测试口始轻松步项反秒标挑战先观察亮再答后最高计算代健康力评价文均离线演仍继续独立且正视觉终存音效启关闭仅于调查看？执住相第请你了刚才输全即将增加间部局束来在载休缓冲字节配失败内紧张缩等待停止超无刷恢外意创建任务读取地稍候未静剩余训练队满丢弃过快初化自擦除区至越处理！（）【】《》‘’…— --no-compress --lv-include lvgl.h --lv-font-name ui_font_chinese_16 -o main/ui_font_chinese_16.c
 ******************************************************************************/

#ifdef LV_LVGL_H_INCLUDE_SIMPLE
#include "lvgl.h"
#else
#include "lvgl.h"
#endif

#ifndef UI_FONT_CHINESE_16
#define UI_FONT_CHINESE_16 1
#endif

#if UI_FONT_CHINESE_16

/*-----------------
 *    BITMAPS
 *----------------*/

/*Store the image of the glyphs*/
static LV_ATTRIBUTE_LARGE_CONST const uint8_t glyph_bitmap[] = {
    /* U+0020 " " */
    0x0,

    /* U+0021 "!" */
    0xdb, 0x6d, 0xb6, 0x1f, 0xf0,

    /* U+0022 "\"" */
    0xcf, 0x3c, 0xf3, 0xcc,

    /* U+0023 "#" */
    0x32, 0x22, 0x26, 0xff, 0xff, 0x66, 0x64, 0xff,
    0xff, 0x44, 0x4c, 0x4c,

    /* U+0024 "$" */
    0x30, 0x60, 0xf7, 0xfc, 0x58, 0x38, 0x3c, 0x1c,
    0x1c, 0x1c, 0x3f, 0xcf, 0xc, 0x18,

    /* U+0025 "%" */
    0x78, 0x60, 0xf0, 0x83, 0x33, 0x6, 0x64, 0xc,
    0xdb, 0x99, 0xaf, 0x9e, 0xf1, 0xbd, 0x63, 0x6,
    0xc6, 0x9, 0x8c, 0x21, 0xf0, 0x41, 0xc0,

    /* U+0026 "&" */
    0x3c, 0xf, 0xc1, 0x98, 0x33, 0x6, 0xc0, 0x71,
    0xde, 0x36, 0xe6, 0xcf, 0x98, 0xf3, 0xff, 0x9e,
    0x20,

    /* U+0027 "'" */
    0xff, 0xc0,

    /* U+0028 "(" */
    0x32, 0x66, 0xcc, 0xcc, 0xcc, 0xcc, 0x66, 0x23,

    /* U+0029 ")" */
    0xc4, 0x66, 0x33, 0x33, 0x33, 0x33, 0x66, 0x4c,

    /* U+002A "*" */
    0x30, 0xcf, 0xde, 0x79, 0x20,

    /* U+002B "+" */
    0x18, 0x18, 0x18, 0xff, 0xff, 0x18, 0x18, 0x18,

    /* U+002C "," */
    0x77, 0x37, 0xe0,

    /* U+002D "-" */
    0xff,

    /* U+002E "." */
    0xff, 0x80,

    /* U+002F "/" */
    0xc, 0x20, 0x86, 0x18, 0x41, 0xc, 0x30, 0x86,
    0x18, 0x61, 0xc, 0x30,

    /* U+0030 "0" */
    0x3c, 0x7e, 0x66, 0xc3, 0xc3, 0xc3, 0xc3, 0xc3,
    0xc3, 0x66, 0x7e, 0x3c,

    /* U+0031 "1" */
    0x39, 0xf0, 0x60, 0xc1, 0x83, 0x6, 0xc, 0x18,
    0x33, 0xff, 0xf0,

    /* U+0032 "2" */
    0x78, 0xfc, 0xc6, 0x6, 0x6, 0x6, 0xc, 0x1c,
    0x38, 0x70, 0xff, 0xff,

    /* U+0033 "3" */
    0x3c, 0x3f, 0x88, 0xc0, 0x60, 0x70, 0xf0, 0x7c,
    0x7, 0x1, 0xb1, 0xdf, 0xc7, 0xc0,

    /* U+0034 "4" */
    0xe, 0xf, 0x7, 0x86, 0xc3, 0x63, 0x33, 0x99,
    0xff, 0xff, 0x83, 0x1, 0x80, 0xc0,

    /* U+0035 "5" */
    0x7f, 0x7f, 0x60, 0x60, 0x7c, 0x7e, 0x7, 0x3,
    0x3, 0x47, 0xfe, 0x3c,

    /* U+0036 "6" */
    0x1e, 0x7f, 0x62, 0xc0, 0xdc, 0xfe, 0xe7, 0xc3,
    0xc3, 0x67, 0x7e, 0x3c,

    /* U+0037 "7" */
    0xff, 0xff, 0x6, 0xc, 0x1c, 0x18, 0x18, 0x30,
    0x30, 0x30, 0x30, 0x30,

    /* U+0038 "8" */
    0x3c, 0xfd, 0x9b, 0x36, 0x67, 0x9f, 0x63, 0xc7,
    0x8f, 0xfb, 0xc0,

    /* U+0039 "9" */
    0x3c, 0x7e, 0xe6, 0xc3, 0xc3, 0xc7, 0x7f, 0x3b,
    0x3, 0x46, 0xfe, 0x78,

    /* U+003A ":" */
    0xff, 0x80, 0x3f, 0xe0,

    /* U+003B ";" */
    0xff, 0x80, 0x7, 0xef, 0xe0,

    /* U+003C "<" */
    0x1, 0x7, 0x3e, 0xf0, 0xe0, 0x3c, 0xf, 0x1,

    /* U+003D "=" */
    0xff, 0xff, 0x0, 0x0, 0xff, 0xff,

    /* U+003E ">" */
    0x80, 0xe0, 0x7c, 0xf, 0x7, 0x3e, 0xf0, 0x80,

    /* U+003F "?" */
    0x3d, 0xfd, 0x18, 0x30, 0xe3, 0x86, 0x1c, 0x0,
    0x70, 0xe1, 0xc0,

    /* U+0040 "@" */
    0x3, 0xe0, 0x1f, 0xf0, 0xf0, 0x71, 0x80, 0x66,
    0x3e, 0x6c, 0xfc, 0xf1, 0x91, 0xe6, 0x23, 0xcc,
    0xc7, 0x99, 0x9b, 0x3d, 0xf7, 0x3b, 0xc6, 0x0,
    0xf, 0x0, 0xf, 0xf0, 0x7, 0xc0,

    /* U+0041 "A" */
    0x1e, 0x7, 0x81, 0xe0, 0xdc, 0x33, 0xc, 0xc7,
    0x39, 0xfe, 0x7f, 0xb8, 0x7c, 0x1f, 0x3,

    /* U+0042 "B" */
    0xfe, 0x7f, 0xb0, 0xd8, 0x6c, 0x77, 0xf3, 0xfd,
    0x87, 0xc1, 0xe1, 0xff, 0xdf, 0xc0,

    /* U+0043 "C" */
    0x1e, 0x1f, 0xd8, 0x5c, 0xc, 0x6, 0x3, 0x1,
    0x80, 0xe0, 0x30, 0x8f, 0xe3, 0xc0,

    /* U+0044 "D" */
    0xfc, 0x7f, 0x31, 0xd8, 0x7c, 0x1e, 0xf, 0x7,
    0x83, 0xc3, 0xe3, 0xbf, 0x9f, 0x80,

    /* U+0045 "E" */
    0xff, 0xff, 0xc0, 0xc0, 0xc0, 0xfe, 0xfe, 0xc0,
    0xc0, 0xc0, 0xff, 0xff,

    /* U+0046 "F" */
    0xff, 0xff, 0xc0, 0xc0, 0xc0, 0xfe, 0xfe, 0xc0,
    0xc0, 0xc0, 0xc0, 0xc0,

    /* U+0047 "G" */
    0x1e, 0x1f, 0xdc, 0x5c, 0xc, 0x6, 0x3f, 0x1f,
    0x83, 0xe1, 0xb8, 0xcf, 0xe3, 0xe0,

    /* U+0048 "H" */
    0xc1, 0xe0, 0xf0, 0x78, 0x3c, 0x1f, 0xff, 0xff,
    0x83, 0xc1, 0xe0, 0xf0, 0x78, 0x30,

    /* U+0049 "I" */
    0xff, 0xff, 0xff,

    /* U+004A "J" */
    0x6, 0xc, 0x18, 0x30, 0x60, 0xc1, 0x83, 0x6,
    0x8f, 0xf3, 0xc0,

    /* U+004B "K" */
    0xc3, 0x63, 0x33, 0x9b, 0x8d, 0x87, 0xc3, 0xf1,
    0xdc, 0xc6, 0x63, 0xb0, 0xd8, 0x70,

    /* U+004C "L" */
    0xc1, 0x83, 0x6, 0xc, 0x18, 0x30, 0x60, 0xc1,
    0x83, 0xff, 0xf0,

    /* U+004D "M" */
    0xe0, 0xfc, 0x1f, 0x87, 0xf8, 0xff, 0x1f, 0xb6,
    0xf6, 0xde, 0xdb, 0xce, 0x79, 0xcf, 0x11, 0xe0,
    0x30,

    /* U+004E "N" */
    0xe1, 0xf0, 0xfc, 0x7e, 0x3d, 0x9e, 0xef, 0x37,
    0x9f, 0xc7, 0xe3, 0xf0, 0xf8, 0x30,

    /* U+004F "O" */
    0x1e, 0x1f, 0xe6, 0x1b, 0x87, 0xc0, 0xf0, 0x3c,
    0xf, 0x3, 0xe1, 0xd8, 0x67, 0xf8, 0x78,

    /* U+0050 "P" */
    0xfc, 0xfe, 0xc7, 0xc3, 0xc3, 0xc7, 0xfe, 0xfc,
    0xc0, 0xc0, 0xc0, 0xc0,

    /* U+0051 "Q" */
    0x1e, 0xf, 0xf1, 0x86, 0x70, 0xec, 0xd, 0x81,
    0xb0, 0x36, 0x6, 0xe1, 0xcc, 0x31, 0xfe, 0xf,
    0x0, 0xe0, 0xf, 0x80, 0xf8,

    /* U+0052 "R" */
    0xfc, 0x7f, 0x31, 0xd8, 0x6c, 0x36, 0x3b, 0xf9,
    0xf8, 0xce, 0x63, 0x31, 0xd8, 0x60,

    /* U+0053 "S" */
    0x3c, 0x7f, 0xc2, 0xc0, 0xe0, 0x7c, 0x1e, 0x7,
    0x3, 0xc3, 0xfe, 0x7c,

    /* U+0054 "T" */
    0xff, 0xff, 0xc3, 0x1, 0x80, 0xc0, 0x60, 0x30,
    0x18, 0xc, 0x6, 0x3, 0x1, 0x80,

    /* U+0055 "U" */
    0xc1, 0xe0, 0xf0, 0x78, 0x3c, 0x1e, 0xf, 0x7,
    0x83, 0xc1, 0xf1, 0xdf, 0xc7, 0xc0,

    /* U+0056 "V" */
    0xe1, 0xf8, 0x76, 0x19, 0x86, 0x73, 0x8c, 0xc3,
    0x30, 0xcc, 0x3e, 0x7, 0x81, 0xe0, 0x78,

    /* U+0057 "W" */
    0xe3, 0x8d, 0x8e, 0x36, 0x38, 0xd8, 0xe3, 0x66,
    0x9d, 0xdb, 0x63, 0x6d, 0x8d, 0x36, 0x3c, 0xd8,
    0xf1, 0x63, 0xc7, 0xf, 0x1c,

    /* U+0058 "X" */
    0x61, 0x9c, 0xe3, 0x30, 0xec, 0x1e, 0x7, 0x81,
    0xe0, 0x78, 0x37, 0xc, 0xc6, 0x3b, 0x87,

    /* U+0059 "Y" */
    0x61, 0x9c, 0x63, 0x30, 0xcc, 0x1e, 0x7, 0x81,
    0xe0, 0x30, 0xc, 0x3, 0x0, 0xc0, 0x30,

    /* U+005A "Z" */
    0xff, 0xff, 0x6, 0xe, 0xc, 0x18, 0x38, 0x30,
    0x60, 0x60, 0xff, 0xff,

    /* U+005B "[" */
    0xfc, 0xcc, 0xcc, 0xcc, 0xcc, 0xcc, 0xcc, 0xf0,

    /* U+005C "\\" */
    0x41, 0x6, 0x18, 0x20, 0x83, 0xc, 0x10, 0x41,
    0x86, 0x8, 0x20, 0xc3,

    /* U+005D "]" */
    0xf3, 0x33, 0x33, 0x33, 0x33, 0x33, 0x33, 0xf0,

    /* U+005E "^" */
    0x18, 0x70, 0xf3, 0x66, 0x48, 0xf1, 0x80,

    /* U+005F "_" */
    0xff, 0xff, 0xc0,

    /* U+0060 "`" */
    0xce, 0x70,

    /* U+0061 "a" */
    0x3d, 0xfd, 0x18, 0x77, 0xf8, 0xf1, 0xff, 0x76,

    /* U+0062 "b" */
    0xc0, 0xc0, 0xc0, 0xc0, 0xdc, 0xfe, 0xc7, 0xc3,
    0xc3, 0xc3, 0xc7, 0xfe, 0xdc,

    /* U+0063 "c" */
    0x3c, 0xfb, 0x86, 0xc, 0x18, 0x38, 0x3f, 0x3c,

    /* U+0064 "d" */
    0x3, 0x3, 0x3, 0x3, 0x3b, 0x7f, 0xe3, 0xc3,
    0xc3, 0xc3, 0xe3, 0x7f, 0x3b,

    /* U+0065 "e" */
    0x3c, 0x7e, 0xe3, 0xff, 0xff, 0xc0, 0xe0, 0x7e,
    0x3e,

    /* U+0066 "f" */
    0x3d, 0xe6, 0x18, 0xfb, 0xe6, 0x18, 0x61, 0x86,
    0x18, 0x60,

    /* U+0067 "g" */
    0x7f, 0xff, 0xc6, 0xc6, 0x7e, 0x7c, 0xc0, 0xfe,
    0x7f, 0xc3, 0xfe, 0x7c,

    /* U+0068 "h" */
    0xc0, 0xc0, 0xc0, 0xc0, 0xde, 0xff, 0xe3, 0xc3,
    0xc3, 0xc3, 0xc3, 0xc3, 0xc3,

    /* U+0069 "i" */
    0xf0, 0xff, 0xff, 0xc0,

    /* U+006A "j" */
    0x33, 0x0, 0x33, 0x33, 0x33, 0x33, 0x33, 0xfe,

    /* U+006B "k" */
    0xc0, 0xc0, 0xc0, 0xc0, 0xc6, 0xcc, 0xdc, 0xf8,
    0xf8, 0xfc, 0xcc, 0xc6, 0xc7,

    /* U+006C "l" */
    0xdb, 0x6d, 0xb6, 0xdb, 0x76,

    /* U+006D "m" */
    0xdc, 0xef, 0xff, 0xe7, 0x3c, 0x63, 0xc6, 0x3c,
    0x63, 0xc6, 0x3c, 0x63, 0xc6, 0x30,

    /* U+006E "n" */
    0xde, 0xff, 0xe3, 0xc3, 0xc3, 0xc3, 0xc3, 0xc3,
    0xc3,

    /* U+006F "o" */
    0x3c, 0x7e, 0xe7, 0xc3, 0xc3, 0xc3, 0xe7, 0x7e,
    0x3c,

    /* U+0070 "p" */
    0xdc, 0xfe, 0xc7, 0xc3, 0xc3, 0xc3, 0xc7, 0xfe,
    0xdc, 0xc0, 0xc0, 0xc0,

    /* U+0071 "q" */
    0x3b, 0x7f, 0xe3, 0xc3, 0xc3, 0xc3, 0xe3, 0x7f,
    0x3b, 0x3, 0x3, 0x3,

    /* U+0072 "r" */
    0xdf, 0xf9, 0x8c, 0x63, 0x18, 0xc0,

    /* U+0073 "s" */
    0x7b, 0xfc, 0x38, 0x78, 0x38, 0xff, 0x78,

    /* U+0074 "t" */
    0x61, 0x86, 0x3f, 0xfd, 0x86, 0x18, 0x61, 0x87,
    0xcf,

    /* U+0075 "u" */
    0xc3, 0xc3, 0xc3, 0xc3, 0xc3, 0xc3, 0xc7, 0xff,
    0x7b,

    /* U+0076 "v" */
    0xe1, 0xb1, 0x98, 0xce, 0x63, 0x71, 0xb0, 0xd8,
    0x3c, 0x1c, 0x0,

    /* U+0077 "w" */
    0x63, 0x1b, 0x18, 0xd9, 0xe6, 0xef, 0x73, 0x5b,
    0x1a, 0x58, 0xf3, 0xc7, 0x9e, 0x1c, 0xe0,

    /* U+0078 "x" */
    0x63, 0x3b, 0x8d, 0x83, 0xc1, 0xc1, 0xf0, 0xd8,
    0xce, 0x63, 0x0,

    /* U+0079 "y" */
    0xe1, 0xb1, 0x9c, 0xc6, 0x63, 0x60, 0xf0, 0x78,
    0x38, 0xc, 0xe, 0x1e, 0xe, 0x0,

    /* U+007A "z" */
    0x7e, 0xfc, 0x30, 0xe3, 0x86, 0x1c, 0x7f, 0xfe,

    /* U+007B "{" */
    0x1c, 0xc3, 0xc, 0x30, 0xcf, 0x3c, 0x30, 0xc3,
    0xc, 0x30, 0xc1, 0xc0,

    /* U+007C "|" */
    0xff, 0xff, 0xff, 0xff, 0xf0,

    /* U+007D "}" */
    0xc3, 0x18, 0xc6, 0x31, 0xe7, 0x63, 0x18, 0xc6,
    0x33, 0x0,

    /* U+007E "~" */
    0x72, 0xff, 0x9e,

    /* U+00B7 "·" */
    0x6f, 0xf6,

    /* U+00D7 "×" */
    0xc0, 0xf8, 0x77, 0x38, 0xfc, 0x1e, 0x7, 0x83,
    0xf1, 0xce, 0xe1, 0xf0, 0x30,

    /* U+2014 "—" */
    0xff, 0xff, 0xff, 0xc0,

    /* U+2018 "‘" */
    0x1b, 0xc0,

    /* U+2019 "’" */
    0xf6, 0x0,

    /* U+201C "“" */
    0x1, 0x18, 0xb3, 0xcc,

    /* U+201D "”" */
    0xcf, 0x34, 0x62, 0x0,

    /* U+2026 "…" */
    0xc3, 0xf, 0xc, 0x30,

    /* U+2191 "↑" */
    0x0, 0x18, 0x3c, 0x7e, 0xdb, 0x18, 0x18, 0x18,
    0x18, 0x18, 0x18, 0x18, 0x18, 0x18, 0x18,

    /* U+2193 "↓" */
    0x18, 0x18, 0x18, 0x18, 0x18, 0x18, 0x18, 0x18,
    0x18, 0x18, 0xdb, 0x7e, 0x3c, 0x18, 0x0,

    /* U+25C6 "◆" */
    0x0, 0x0, 0x1, 0x80, 0x3, 0xc0, 0x7, 0xe0,
    0xf, 0xf0, 0x1f, 0xf8, 0x3f, 0xfc, 0x7f, 0xfe,
    0x7f, 0xfe, 0x3f, 0xfc, 0x1f, 0xf8, 0xf, 0xf0,
    0x7, 0xe0, 0x3, 0xc0, 0x1, 0x80, 0x0, 0x0,

    /* U+25CF "●" */
    0xf, 0xc0, 0x7f, 0x83, 0xff, 0x1f, 0xfe, 0xff,
    0xff, 0xff, 0xff, 0xff, 0xff, 0xff, 0xff, 0xff,
    0xff, 0xf7, 0xff, 0x8f, 0xfc, 0x1f, 0xe0, 0x3f,
    0x0,

    /* U+3001 "、" */
    0x47, 0x1c, 0x71, 0x0,

    /* U+3002 "。" */
    0x74, 0x63, 0x17, 0x0,

    /* U+300A "《" */
    0x12, 0x1a, 0x16, 0x34, 0x2c, 0x6c, 0x48, 0xd8,
    0x58, 0x48, 0x6c, 0x24, 0x34, 0x16, 0x1a,

    /* U+300B "》" */
    0x48, 0x48, 0x68, 0x2c, 0x34, 0x36, 0x12, 0x1b,
    0x1a, 0x12, 0x36, 0x24, 0x2c, 0x68, 0x58,

    /* U+3010 "【" */
    0xff, 0xb9, 0xcc, 0x63, 0x18, 0xc6, 0x31, 0xce,
    0x7b, 0xe0,

    /* U+3011 "】" */
    0xfb, 0xce, 0x71, 0x8c, 0x63, 0x18, 0xc6, 0x73,
    0xbf, 0xe0,

    /* U+4E00 "一" */
    0xff, 0xff, 0xff, 0xfc,

    /* U+4E09 "三" */
    0x7f, 0xf9, 0xff, 0xe0, 0x0, 0x0, 0x0, 0x0,
    0x0, 0xff, 0xc3, 0xff, 0x0, 0x0, 0x0, 0x0,
    0x0, 0x0, 0x0, 0x3f, 0xff, 0xff, 0xfc,

    /* U+4E0A "上" */
    0x3, 0x0, 0x6, 0x0, 0xc, 0x0, 0x18, 0x0,
    0x30, 0x0, 0x7f, 0x80, 0xff, 0x1, 0x80, 0x3,
    0x0, 0x6, 0x0, 0xc, 0x0, 0x18, 0x0, 0x30,
    0x1f, 0xff, 0xff, 0xff, 0x80,

    /* U+4E0B "下" */
    0xff, 0xff, 0xff, 0xff, 0xff, 0xc0, 0xc0, 0x3,
    0x0, 0xe, 0x0, 0x3e, 0x0, 0xde, 0x3, 0x18,
    0xc, 0x20, 0x30, 0x0, 0xc0, 0x3, 0x0, 0xc,
    0x0,

    /* U+4E0D "不" */
    0x7f, 0xfe, 0x7f, 0xfe, 0x1, 0xc0, 0x3, 0x80,
    0x3, 0xa0, 0x7, 0xf0, 0x1f, 0xb8, 0x3d, 0x9e,
    0x71, 0x8f, 0x61, 0x86, 0x1, 0x80, 0x1, 0x80,
    0x1, 0x80, 0x1, 0x80,

    /* U+4E0E "与" */
    0x18, 0x0, 0x30, 0x0, 0x7f, 0xf0, 0xff, 0xe1,
    0x80, 0x6, 0x0, 0xf, 0xff, 0x9f, 0xfe, 0x0,
    0xc, 0x0, 0x1b, 0xff, 0x77, 0xfe, 0xe0, 0x1,
    0xc0, 0x3f, 0x0, 0x7c, 0x0,

    /* U+4E14 "且" */
    0x1f, 0xf8, 0x1f, 0xf8, 0x18, 0x18, 0x18, 0x18,
    0x1f, 0xf8, 0x1f, 0xf8, 0x18, 0x18, 0x18, 0x18,
    0x1f, 0xf8, 0x1f, 0xf8, 0x18, 0x18, 0x18, 0x18,
    0xff, 0xff, 0xff, 0xff,

    /* U+4E22 "丢" */
    0x0, 0x31, 0xff, 0xe7, 0xfe, 0x0, 0xc0, 0x3f,
    0xf8, 0xff, 0xe0, 0x30, 0x3f, 0xff, 0xff, 0xfc,
    0x38, 0x1, 0xc6, 0xe, 0xc, 0x7f, 0xf9, 0xff,
    0xf0, 0x0, 0x80,

    /* U+4E2D "中" */
    0x3, 0x0, 0x18, 0x0, 0xc1, 0xff, 0xff, 0xff,
    0xe1, 0x8f, 0xc, 0x78, 0x63, 0xff, 0xff, 0xff,
    0xf0, 0xc6, 0x6, 0x0, 0x30, 0x1, 0x80, 0xc,
    0x0,

    /* U+4E3A "为" */
    0x13, 0x0, 0xcc, 0x1, 0xb0, 0x4, 0xc0, 0x7f,
    0xfd, 0xff, 0xf0, 0x70, 0xc1, 0x83, 0x6, 0xcc,
    0x3b, 0xb0, 0xc4, 0xc6, 0x3, 0x38, 0xf, 0xc1,
    0xf0, 0x7, 0x80,

    /* U+4E3B "主" */
    0x0, 0x0, 0x1c, 0x0, 0x38, 0x1f, 0xfe, 0x7f,
    0xf9, 0xff, 0xe0, 0x30, 0x0, 0xc0, 0x7f, 0xf9,
    0xff, 0xe0, 0x30, 0x0, 0xc0, 0x3, 0x3, 0xff,
    0xff, 0xff, 0xc0,

    /* U+4E4B "之" */
    0x1, 0x0, 0x1, 0x80, 0x1, 0xc0, 0x7f, 0xfc,
    0x7f, 0xfc, 0x0, 0x38, 0x0, 0x38, 0x0, 0x70,
    0x1, 0xe0, 0x3, 0x80, 0x7, 0x0, 0x1e, 0x0,
    0x7c, 0x0, 0x67, 0xfe, 0x43, 0xfe,

    /* U+4E5F "也" */
    0x1, 0x80, 0x33, 0x0, 0x66, 0x0, 0xcc, 0xe1,
    0x9f, 0xc3, 0xfd, 0x8f, 0xe3, 0x7c, 0xc6, 0x79,
    0x8c, 0x33, 0x18, 0x66, 0xe0, 0xc0, 0x31, 0x80,
    0x63, 0xff, 0xc3, 0xff, 0x0,

    /* U+4E86 "了" */
    0xff, 0xfb, 0xff, 0xf0, 0x7, 0x0, 0x38, 0x3,
    0xc0, 0xc, 0x0, 0x30, 0x0, 0xc0, 0x3, 0x0,
    0xc, 0x0, 0x30, 0x0, 0xc0, 0x1f, 0x0, 0x78,
    0x0,

    /* U+4E8E "于" */
    0x7f, 0xf9, 0xff, 0xe0, 0x30, 0x0, 0xc0, 0x3,
    0x0, 0xc, 0xf, 0xff, 0xff, 0xff, 0x3, 0x0,
    0xc, 0x0, 0x30, 0x0, 0xc0, 0x1f, 0x0, 0x78,
    0x0,

    /* U+4E92 "互" */
    0xff, 0xfd, 0xff, 0xf8, 0x70, 0x0, 0xc0, 0x1,
    0xff, 0x3, 0xfe, 0x6, 0xc, 0x1c, 0x18, 0x3f,
    0xf0, 0x7f, 0xc0, 0x1, 0x80, 0x3, 0xf, 0xff,
    0xff, 0xff, 0xc0,

    /* U+4E94 "五" */
    0x7f, 0xf9, 0xff, 0xe0, 0x60, 0x1, 0x80, 0x3f,
    0xf0, 0xff, 0xc0, 0xe6, 0x3, 0x18, 0xc, 0x60,
    0x31, 0x80, 0xc6, 0x3f, 0xff, 0xff, 0xfc,

    /* U+4EA4 "交" */
    0x7, 0x0, 0xc, 0xf, 0xff, 0xff, 0xff, 0x18,
    0x60, 0xe1, 0xc7, 0x3, 0xbe, 0x1f, 0x4c, 0xe8,
    0x33, 0x0, 0x78, 0x1, 0xe0, 0x1f, 0xe3, 0xe3,
    0xf6, 0x1, 0x80,

    /* U+4EAE "亮" */
    0x3, 0x3, 0xff, 0xf0, 0x0, 0xf, 0xfc, 0x30,
    0x30, 0xff, 0xc0, 0x0, 0x3f, 0xff, 0xc0, 0xf,
    0x7f, 0xb1, 0x8e, 0x86, 0x3b, 0x38, 0xef, 0x81,
    0xf0,

    /* U+4EBA "人" */
    0x3, 0x0, 0x6, 0x0, 0xc, 0x0, 0x18, 0x0,
    0x30, 0x0, 0x70, 0x1, 0xe0, 0x3, 0xc0, 0x6,
    0xc0, 0x19, 0x80, 0x71, 0x81, 0xc3, 0x87, 0x3,
    0x9c, 0x3, 0x90, 0x1, 0x0,

    /* U+4EC5 "仅" */
    0x10, 0x0, 0x30, 0x0, 0xff, 0xf1, 0xbf, 0xe7,
    0x60, 0xce, 0x63, 0xbc, 0xc6, 0x79, 0x9c, 0x31,
    0xb0, 0x63, 0xe0, 0xc3, 0x81, 0x8f, 0x3, 0x3b,
    0x87, 0xe3, 0xcd, 0x1, 0x0,

    /* U+4ECD "仍" */
    0x10, 0x0, 0x37, 0xf0, 0x6f, 0xe1, 0x8c, 0xc3,
    0x19, 0x8e, 0x32, 0x3c, 0x6f, 0xb8, 0xc3, 0x31,
    0x86, 0x67, 0xc, 0xcc, 0x19, 0x98, 0x33, 0x70,
    0x67, 0xc7, 0xcd, 0x7, 0x0,

    /* U+4EE3 "代" */
    0x6, 0x6c, 0xc, 0x66, 0x1c, 0x63, 0x18, 0x60,
    0x38, 0x7f, 0x7b, 0xff, 0xfb, 0xe0, 0x58, 0x60,
    0x18, 0x30, 0x18, 0x30, 0x18, 0x30, 0x18, 0x3b,
    0x18, 0x1f, 0x18, 0x1f, 0x18, 0x6,

    /* U+4EF6 "件" */
    0x18, 0x60, 0x36, 0xc0, 0xed, 0x81, 0x9f, 0xe7,
    0x7f, 0xce, 0xcc, 0x3d, 0x18, 0x38, 0x30, 0x37,
    0xfe, 0x6f, 0xfc, 0xc1, 0x81, 0x83, 0x3, 0x6,
    0x6, 0xc, 0xc, 0x18, 0x0,

    /* U+4EF7 "价" */
    0x1c, 0x60, 0x18, 0xf0, 0x39, 0xf0, 0x33, 0x98,
    0x77, 0xe, 0xfe, 0x6, 0x75, 0x98, 0x31, 0x98,
    0x31, 0x98, 0x31, 0x98, 0x31, 0x98, 0x33, 0x18,
    0x37, 0x18, 0x36, 0x18,

    /* U+4EFB "任" */
    0x0, 0x0, 0x30, 0x78, 0x7f, 0xe1, 0x9f, 0x7,
    0x6, 0xe, 0xc, 0x3c, 0x18, 0x7b, 0xff, 0x37,
    0xfe, 0x60, 0xc0, 0xc1, 0x81, 0x83, 0x3, 0x6,
    0x6, 0xff, 0xcd, 0xff, 0x80,

    /* U+4F11 "休" */
    0xc, 0x60, 0x18, 0x60, 0x18, 0x60, 0x30, 0x60,
    0x77, 0xfe, 0xf7, 0xfe, 0xf0, 0xf0, 0xf1, 0xf8,
    0x31, 0xf8, 0x33, 0x6c, 0x37, 0x6e, 0x3e, 0x67,
    0x34, 0x62, 0x30, 0x60, 0x30, 0x60,

    /* U+4F1A "会" */
    0x1, 0x0, 0x7, 0x0, 0x1f, 0x0, 0x77, 0x3,
    0xc7, 0x9f, 0xff, 0xdb, 0xfb, 0x0, 0x0, 0x7f,
    0xfc, 0xff, 0xf8, 0x38, 0x80, 0xe1, 0x83, 0xff,
    0x87, 0xff, 0x8e, 0x3, 0x0,

    /* U+4F4F "住" */
    0x0, 0x40, 0x30, 0xc0, 0x61, 0x81, 0xbf, 0xf7,
    0x7f, 0xee, 0xc, 0x3c, 0x18, 0x38, 0x30, 0x33,
    0xfc, 0x67, 0xf8, 0xc1, 0x81, 0x83, 0x3, 0x6,
    0x6, 0xff, 0xcd, 0xff, 0x80,

    /* U+4F53 "体" */
    0x18, 0x60, 0x18, 0x60, 0x38, 0x60, 0x37, 0xfe,
    0x77, 0xfe, 0x70, 0xf0, 0xf1, 0xf8, 0x71, 0xf8,
    0x33, 0x6c, 0x33, 0x6c, 0x36, 0x66, 0x3d, 0xfb,
    0x30, 0x60, 0x30, 0x60, 0x30, 0x60,

    /* U+4F59 "余" */
    0x0, 0x0, 0x1, 0x80, 0x3, 0xc0, 0xe, 0x70,
    0x1c, 0x3c, 0xff, 0xff, 0x6f, 0xf6, 0x1, 0x80,
    0x3f, 0xfc, 0x3f, 0xfc, 0x1, 0x80, 0x19, 0xb8,
    0x31, 0x9c, 0x67, 0x8e, 0x7, 0x0,

    /* U+4F5C "作" */
    0x1c, 0xc0, 0x19, 0xc0, 0x39, 0xff, 0x73, 0xff,
    0xf7, 0x60, 0xf6, 0x7e, 0x70, 0x7e, 0x30, 0x60,
    0x30, 0x60, 0x30, 0x7e, 0x30, 0x7e, 0x30, 0x60,
    0x30, 0x60, 0x30, 0x60,

    /* U+4F60 "你" */
    0x0, 0x0, 0x33, 0x0, 0x6c, 0x1, 0x9f, 0xf7,
    0x7f, 0xee, 0xcc, 0xfd, 0x19, 0xb9, 0x34, 0x33,
    0x6c, 0x66, 0xd8, 0xd9, 0xb9, 0xb3, 0x33, 0x6,
    0x46, 0x3c, 0xc, 0x30, 0x0,

    /* U+4F7F "使" */
    0x18, 0x60, 0x18, 0x60, 0x37, 0xfe, 0x30, 0x60,
    0x70, 0x60, 0xf7, 0xfe, 0xf6, 0x66, 0xb6, 0x66,
    0x37, 0xfe, 0x32, 0x60, 0x37, 0xe0, 0x33, 0xc0,
    0x31, 0xf0, 0x3f, 0x7e, 0x36, 0xe,

    /* U+4FDD "保" */
    0x0, 0x0, 0x1b, 0xfc, 0x1b, 0xc, 0x33, 0xc,
    0x33, 0xc, 0x73, 0xfc, 0xf3, 0xfc, 0xb0, 0x60,
    0x37, 0xfe, 0x30, 0xf0, 0x31, 0xf8, 0x33, 0xfc,
    0x37, 0x6e, 0x36, 0x66, 0x30, 0x60,

    /* U+4FE1 "信" */
    0x0, 0x0, 0x30, 0xc0, 0x61, 0x81, 0xbf, 0xf3,
    0x0, 0xe, 0x0, 0x3c, 0xff, 0x78, 0x0, 0x33,
    0xfc, 0x60, 0x0, 0xcf, 0xf1, 0x98, 0x23, 0x30,
    0x46, 0x60, 0x8c, 0xff, 0x0,

    /* U+5019 "候" */
    0x10, 0x0, 0x18, 0xfc, 0x18, 0xc, 0x30, 0xc,
    0x37, 0xff, 0x77, 0xff, 0xf6, 0xc0, 0x76, 0xfe,
    0x37, 0xb0, 0x36, 0x30, 0x37, 0xff, 0x36, 0x38,
    0x30, 0x7c, 0x31, 0xcf, 0x31, 0x82,

    /* U+505C "停" */
    0x0, 0x0, 0x30, 0xc0, 0x7f, 0xf9, 0x80, 0x3,
    0x3f, 0xce, 0x61, 0xbc, 0xff, 0x38, 0x0, 0x37,
    0xfe, 0x68, 0xc, 0xcf, 0xe1, 0x9f, 0xc3, 0x6,
    0x6, 0xc, 0xc, 0x78, 0x0,

    /* U+5065 "健" */
    0x10, 0x30, 0x18, 0x30, 0x37, 0xfe, 0x31, 0x36,
    0x72, 0xff, 0x76, 0x36, 0x7f, 0xfe, 0x71, 0x30,
    0x35, 0xfe, 0x36, 0x30, 0x36, 0xfe, 0x36, 0x30,
    0x33, 0x0, 0x35, 0x80, 0x3c, 0xfe,

    /* U+50CF "像" */
    0x19, 0x80, 0x1b, 0xf8, 0x36, 0x30, 0x7f, 0xfe,
    0x76, 0x66, 0xf7, 0xfe, 0x71, 0xc0, 0x37, 0xce,
    0x34, 0xfc, 0x33, 0x7c, 0x36, 0xf6, 0x31, 0xb6,
    0x3f, 0x63, 0x30, 0xe0,

    /* U+5148 "先" */
    0x23, 0x0, 0xcc, 0x3, 0x30, 0xf, 0xfe, 0x7f,
    0xf9, 0x8c, 0x0, 0x30, 0x3f, 0xff, 0xff, 0xfc,
    0x63, 0x1, 0x8c, 0x6, 0x31, 0x30, 0xcf, 0xc3,
    0xfc, 0x7, 0xc0,

    /* U+5165 "入" */
    0x0, 0x0, 0x18, 0x0, 0x38, 0x0, 0x30, 0x0,
    0x30, 0x0, 0x70, 0x1, 0xe0, 0x3, 0x60, 0x6,
    0xc0, 0x18, 0xc0, 0x71, 0xc1, 0xc1, 0xc7, 0x81,
    0xde, 0x3, 0x90, 0x3, 0x0,

    /* U+5168 "全" */
    0x1, 0x0, 0x1, 0x80, 0x3, 0xc0, 0x6, 0x60,
    0x1c, 0x38, 0x38, 0x1c, 0x7f, 0xfe, 0x5f, 0xfa,
    0x1, 0x80, 0x1, 0x80, 0x1f, 0xf8, 0x1, 0x80,
    0x1, 0x80, 0x7f, 0xfe, 0x7f, 0xfe,

    /* U+516B "八" */
    0x0, 0x0, 0xc, 0x60, 0xc, 0x60, 0xc, 0x60,
    0xc, 0x60, 0xc, 0x70, 0x1c, 0x30, 0x18, 0x30,
    0x18, 0x38, 0x18, 0x18, 0x30, 0x1c, 0x70, 0xc,
    0x60, 0xe, 0x40, 0x6,

    /* U+5173 "关" */
    0x8, 0x10, 0x18, 0x60, 0x30, 0xc1, 0xff, 0xe3,
    0xff, 0xc0, 0x30, 0x0, 0x60, 0x0, 0xc0, 0x7f,
    0xfe, 0xff, 0xfc, 0xf, 0x0, 0x3f, 0x0, 0xe7,
    0x7, 0x87, 0x9e, 0x7, 0x90, 0x2,

    /* U+5185 "内" */
    0x3, 0x0, 0x18, 0x0, 0xc1, 0xff, 0xff, 0xff,
    0xe1, 0x8f, 0xc, 0x78, 0xe3, 0xc7, 0x9e, 0x66,
    0xfe, 0x1f, 0xa0, 0x3c, 0x1, 0xe0, 0x3f, 0x1,
    0xe0,

    /* U+518D "再" */
    0xff, 0xfd, 0xff, 0xf8, 0xc, 0x1, 0xff, 0xc3,
    0x31, 0x86, 0x63, 0xf, 0xfe, 0x19, 0x8c, 0x33,
    0x19, 0xff, 0xff, 0xff, 0xf9, 0x80, 0xc3, 0xf,
    0x86, 0xf, 0x0,

    /* U+51B2 "冲" */
    0x0, 0x60, 0x80, 0xc1, 0xc1, 0x81, 0xff, 0xf1,
    0x7f, 0xe0, 0xcc, 0xc1, 0x99, 0x83, 0x33, 0x3f,
    0xfe, 0x6f, 0xfd, 0xd9, 0x9b, 0x3, 0xe, 0x6,
    0x0, 0xc, 0x0, 0x18, 0x0,

    /* U+51C6 "准" */
    0x2, 0x1, 0x86, 0x63, 0xc, 0xc7, 0x3f, 0xf6,
    0x7f, 0xed, 0xc6, 0x7, 0x8c, 0x1f, 0xff, 0x16,
    0x30, 0x6c, 0x61, 0xdf, 0xfb, 0x31, 0x8e, 0x63,
    0x18, 0xff, 0xd1, 0xff, 0x80,

    /* U+51FA "出" */
    0x6, 0x0, 0x30, 0x19, 0x8c, 0xcc, 0x66, 0x63,
    0x33, 0x19, 0xff, 0xcf, 0xfe, 0x6, 0x6, 0x30,
    0xf1, 0x87, 0x8c, 0x3c, 0x61, 0xff, 0xff, 0xff,
    0xe0,

    /* U+51FB "击" */
    0x3, 0x0, 0xc, 0x0, 0x30, 0x1f, 0xfe, 0x7f,
    0xf8, 0xc, 0xf, 0xff, 0xff, 0xff, 0x3, 0x1,
    0x8c, 0x66, 0x31, 0x98, 0xc6, 0x63, 0x19, 0xff,
    0xe7, 0xff, 0x80,

    /* U+5206 "分" */
    0x6, 0x60, 0xc, 0x30, 0xc, 0x38, 0x18, 0x1c,
    0x38, 0xe, 0x7f, 0xff, 0x3f, 0xfa, 0x3, 0x18,
    0x6, 0x18, 0x6, 0x18, 0xe, 0x18, 0x1c, 0x18,
    0x78, 0xf8, 0x30, 0xf0,

    /* U+5217 "列" */
    0x0, 0xf, 0xfc, 0x3f, 0xf6, 0xcc, 0x1b, 0x20,
    0x6d, 0xfd, 0xb6, 0x26, 0xf1, 0x9b, 0xf6, 0x6c,
    0xf9, 0xb1, 0xc6, 0xc7, 0x3, 0x38, 0xf, 0xc0,
    0xf4, 0x3, 0x80,

    /* U+521A "刚" */
    0xff, 0x8f, 0x7, 0xbe, 0x7e, 0xfd, 0x7b, 0xdd,
    0xef, 0x77, 0xbc, 0xde, 0xf3, 0x7b, 0xdd, 0xef,
    0x7f, 0xbf, 0x78, 0xfc, 0x63, 0xc1, 0x8f, 0x1c,
    0xe0,

    /* U+521B "创" */
    0xc, 0x6, 0x18, 0xc, 0x78, 0xd9, 0x99, 0xb7,
    0x1b, 0x7c, 0x3e, 0xdf, 0xcd, 0x99, 0x9b, 0x33,
    0x36, 0x6e, 0x6c, 0xc2, 0x19, 0x84, 0x33, 0xb,
    0xe3, 0xf3, 0xc0,

    /* U+521D "初" */
    0x0, 0x0, 0x30, 0x0, 0x67, 0xfb, 0xf3, 0x30,
    0xc6, 0x61, 0x8c, 0xc6, 0xd9, 0x9f, 0x33, 0x7e,
    0xe6, 0xfd, 0x8d, 0x6b, 0x18, 0xce, 0x31, 0x98,
    0x43, 0x77, 0x86, 0x4f, 0x0,

    /* U+5230 "到" */
    0x0, 0xf, 0xfc, 0x33, 0x46, 0xcd, 0x9b, 0x62,
    0x6f, 0xfd, 0xb7, 0xf6, 0xc6, 0x1b, 0xff, 0x6f,
    0xfd, 0xb1, 0x86, 0xc6, 0xc3, 0x7f, 0xf, 0xf0,
    0xf8, 0x3, 0x80,

    /* U+5237 "刷" */
    0x7f, 0xf3, 0x70, 0xf3, 0x7f, 0xf3, 0x7f, 0xf3,
    0x7f, 0xf3, 0x73, 0x33, 0x73, 0x33, 0x7f, 0xf3,
    0x7b, 0x73, 0x7b, 0x73, 0x7b, 0x43, 0x7b, 0x83,
    0xe3, 0x1f, 0x43, 0x1e,

    /* U+524D "前" */
    0x18, 0x18, 0x18, 0x63, 0xff, 0xff, 0xff, 0xf0,
    0x0, 0x7, 0xed, 0x88, 0xdb, 0x1f, 0xb6, 0x3f,
    0x6c, 0x7e, 0xd8, 0xfd, 0xb1, 0x18, 0x62, 0xf3,
    0xc4, 0xe3, 0x80,

    /* U+5269 "剩" */
    0x3, 0x6, 0xff, 0xc, 0x30, 0xdf, 0xff, 0xbf,
    0xff, 0x67, 0xa6, 0xff, 0x6d, 0x9e, 0xdb, 0xfd,
    0xf7, 0xfb, 0xec, 0x78, 0xd9, 0xfc, 0x37, 0xd8,
    0x7d, 0x83, 0xc3, 0x7, 0x0,

    /* U+529B "力" */
    0x6, 0x0, 0x30, 0x1, 0x80, 0xc, 0xf, 0xff,
    0xff, 0xfc, 0x18, 0x60, 0xc3, 0xc, 0x18, 0x60,
    0xc7, 0x6, 0x70, 0x37, 0x3, 0xf0, 0xf9, 0x3,
    0xc0,

    /* U+529F "功" */
    0x0, 0xc0, 0x3, 0xf, 0xcc, 0x3f, 0x30, 0x33,
    0xfc, 0xcf, 0xf3, 0xc, 0xcc, 0x33, 0x30, 0xcc,
    0xf6, 0x3f, 0xd8, 0xf8, 0xe3, 0x3, 0xc, 0x3d,
    0xf0, 0x67, 0x80,

    /* U+52A0 "加" */
    0x30, 0x0, 0xc0, 0x3, 0xf, 0xff, 0xbf, 0xfe,
    0xcc, 0xdb, 0x33, 0x6c, 0xcd, 0xb3, 0x36, 0xcc,
    0xdb, 0x36, 0x6c, 0xd9, 0xb3, 0x66, 0xff, 0x7b,
    0xfd, 0xcc, 0xc0,

    /* U+52A1 "务" */
    0x0, 0x0, 0x6, 0x0, 0x1f, 0xfc, 0x3c, 0x1c,
    0x7e, 0x38, 0x7, 0xf0, 0xf, 0xfc, 0x7f, 0x7e,
    0x73, 0x6, 0x3, 0x0, 0x3f, 0xfc, 0x6, 0xc,
    0xe, 0xc, 0x1c, 0x18, 0x70, 0xf8,

    /* U+52A8 "动" */
    0x0, 0x60, 0x0, 0xc1, 0xf9, 0x80, 0x3, 0x0,
    0x1f, 0xff, 0xcc, 0xff, 0x99, 0x98, 0x33, 0x24,
    0x66, 0xcd, 0x8d, 0xbb, 0x1f, 0xf6, 0x3e, 0x1c,
    0xe0, 0x77, 0x80, 0x4f, 0x0,

    /* U+5316 "化" */
    0x19, 0x80, 0x66, 0x3, 0x98, 0x8c, 0x67, 0x71,
    0x9b, 0xc6, 0xcf, 0x1f, 0xc, 0x70, 0x33, 0x80,
    0xfe, 0x3, 0x78, 0xcc, 0x63, 0x31, 0x8c, 0xc7,
    0xf3, 0xf, 0x80,

    /* U+533A "区" */
    0xff, 0xff, 0xff, 0xfc, 0x0, 0x32, 0xc, 0xdc,
    0x63, 0x1f, 0xc, 0x3c, 0x30, 0xf0, 0xc7, 0xe3,
    0x71, 0xcd, 0x83, 0x30, 0x0, 0xff, 0xff, 0xff,
    0xf0,

    /* U+5341 "十" */
    0x3, 0x0, 0xc, 0x0, 0x30, 0x0, 0xc0, 0x3,
    0x0, 0xc, 0xf, 0xff, 0xff, 0xff, 0x3, 0x0,
    0xc, 0x0, 0x30, 0x0, 0xc0, 0x3, 0x0, 0xc,
    0x0, 0x30, 0x0,

    /* U+5355 "单" */
    0x0, 0x0, 0x61, 0xc1, 0xc6, 0x1f, 0xfe, 0x7f,
    0xf9, 0x8c, 0x67, 0xff, 0x98, 0xc6, 0x63, 0x19,
    0xff, 0xe0, 0x30, 0x3f, 0xff, 0xff, 0xfc, 0xc,
    0x0, 0x30, 0x0,

    /* U+5373 "即" */
    0xfe, 0xff, 0x1b, 0x3c, 0x6c, 0xf1, 0xb3, 0xfe,
    0xcf, 0x1b, 0x3c, 0x6c, 0xff, 0xb3, 0xc0, 0xcf,
    0x33, 0x3c, 0xcf, 0xff, 0xb6, 0xff, 0xc3, 0x3,
    0x0,

    /* U+539F "原" */
    0x3f, 0xff, 0x30, 0xe0, 0x30, 0xc0, 0x37, 0xfc,
    0x36, 0xc, 0x36, 0xc, 0x37, 0xfc, 0x36, 0xc,
    0x37, 0xfc, 0x30, 0x60, 0x73, 0x78, 0x66, 0x6c,
    0x6c, 0x66, 0x41, 0xe4,

    /* U+53CD "反" */
    0x0, 0x38, 0x7f, 0xe0, 0xc0, 0x1, 0x80, 0x3,
    0xff, 0xc7, 0xff, 0xd, 0x8e, 0x1b, 0x1c, 0x33,
    0x70, 0xe7, 0xe1, 0xc7, 0x83, 0x1f, 0xe, 0xf7,
    0xdb, 0xc3, 0x90, 0x0, 0x0,

    /* U+53D6 "取" */
    0xff, 0x0, 0xff, 0xfe, 0x66, 0xfe, 0x66, 0xc6,
    0x7e, 0x4e, 0x66, 0x6c, 0x66, 0x6c, 0x7e, 0x7c,
    0x66, 0x38, 0x67, 0x38, 0xff, 0x38, 0xf6, 0x6c,
    0x7, 0xc7, 0x6, 0x82,

    /* U+53E3 "口" */
    0xff, 0xff, 0xff, 0xf0, 0x7, 0x80, 0x3c, 0x1,
    0xe0, 0xf, 0x0, 0x78, 0x3, 0xc0, 0x1e, 0x0,
    0xff, 0xff, 0xff, 0xfc, 0x1, 0x80,

    /* U+53EA "只" */
    0x3f, 0xf8, 0x7f, 0xf0, 0xc0, 0x61, 0x80, 0xc3,
    0x1, 0x87, 0xff, 0xf, 0xfe, 0x0, 0x0, 0xc,
    0x20, 0x38, 0xe0, 0xe0, 0xe3, 0x80, 0xe6, 0x0,
    0xc0,

    /* U+53EF "可" */
    0xff, 0xff, 0xff, 0xfc, 0x0, 0x60, 0x0, 0xc3,
    0xf9, 0x87, 0xf3, 0xc, 0x66, 0x18, 0xcc, 0x31,
    0x98, 0x7f, 0x30, 0xfe, 0x61, 0x80, 0xc0, 0xf,
    0x80, 0xe, 0x0,

    /* U+540C "同" */
    0xff, 0xff, 0xff, 0xfc, 0x0, 0xf7, 0xfb, 0xc0,
    0xf, 0x0, 0x3d, 0xfc, 0xf6, 0x33, 0xd8, 0xcf,
    0x63, 0x3d, 0xfc, 0xf6, 0x3, 0xc0, 0x7f, 0x0,
    0xe0,

    /* U+540D "名" */
    0x2, 0x0, 0x1c, 0x0, 0xff, 0xcf, 0x7, 0x74,
    0x38, 0x39, 0xc0, 0x7e, 0x0, 0xf0, 0x1f, 0xff,
    0xff, 0xf7, 0xc0, 0xc3, 0x3, 0xc, 0xc, 0x3f,
    0xf0, 0xff, 0xc0,

    /* U+540E "后" */
    0x0, 0x7c, 0x7f, 0xe0, 0xc0, 0x1, 0x80, 0x3,
    0xff, 0xe7, 0xff, 0xcc, 0x0, 0x1b, 0xfe, 0x37,
    0xfc, 0x6c, 0x18, 0xd8, 0x33, 0x30, 0x66, 0x7f,
    0xd8, 0xff, 0x80,

    /* U+5411 "向" */
    0x6, 0x0, 0x30, 0x3, 0x81, 0xff, 0xff, 0xff,
    0xe0, 0xf, 0x0, 0x7b, 0xfb, 0xd8, 0xde, 0xc6,
    0xf6, 0x37, 0xbf, 0xbd, 0x81, 0xe0, 0x3f, 0x1,
    0xe0,

    /* U+542F "启" */
    0x3, 0x80, 0x6, 0x3, 0xff, 0xcf, 0xff, 0x30,
    0xc, 0xc0, 0x33, 0xff, 0xcf, 0xff, 0x30, 0x0,
    0xff, 0xf3, 0xff, 0xcb, 0x3, 0x6c, 0xd, 0xbf,
    0xfc, 0xff, 0xc0,

    /* U+548C "和" */
    0x1e, 0x3, 0xf3, 0xf5, 0x8f, 0xc6, 0x33, 0xfe,
    0xcf, 0xfb, 0x33, 0x8c, 0xcf, 0x33, 0x7e, 0xcf,
    0xeb, 0x3d, 0x8f, 0xe6, 0x3f, 0x18, 0xcc, 0x60,
    0x0,

    /* U+5668 "器" */
    0x7e, 0xfc, 0x66, 0xcc, 0x66, 0xcc, 0x7e, 0xfc,
    0x3, 0x30, 0x6, 0x30, 0xff, 0xfe, 0xc, 0x60,
    0x38, 0x30, 0x70, 0x1c, 0xfe, 0xfe, 0x66, 0xcc,
    0x66, 0xcc, 0x7e, 0xfc,

    /* U+56DE "回" */
    0xff, 0xff, 0xff, 0xfc, 0x0, 0xf0, 0x3, 0xdf,
    0xcf, 0x63, 0x3d, 0x8c, 0xf6, 0x33, 0xd8, 0xcf,
    0x7f, 0x3c, 0x0, 0xf0, 0x3, 0xff, 0xff, 0xff,
    0xf0,

    /* U+56F4 "围" */
    0xff, 0xff, 0x0, 0x3c, 0x30, 0xf7, 0xfb, 0xc3,
    0xf, 0x7f, 0xbc, 0x30, 0xf0, 0xc3, 0xdf, 0xff,
    0xc, 0xfc, 0x3f, 0xf0, 0xc3, 0xff, 0xff, 0x0,
    0x30,

    /* U+5728 "在" */
    0x3, 0x0, 0xe, 0x1, 0xff, 0xfb, 0xff, 0xf0,
    0xc6, 0x3, 0x8c, 0x6, 0x18, 0x1d, 0xff, 0x7b,
    0xfe, 0xb0, 0xc0, 0x61, 0x80, 0xc3, 0x1, 0xff,
    0xe3, 0xff, 0xc0,

    /* U+5730 "地" */
    0x30, 0x60, 0x30, 0x60, 0x30, 0x60, 0x33, 0x66,
    0xff, 0x7e, 0xff, 0x7e, 0x33, 0xe6, 0x37, 0xe6,
    0x37, 0x66, 0x33, 0x66, 0x3f, 0x6e, 0xfb, 0x2,
    0xe3, 0x3, 0x3, 0x2, 0x1, 0xfe,

    /* U+5747 "均" */
    0x30, 0xc0, 0x61, 0x80, 0xc3, 0x1, 0x8f, 0xff,
    0xf8, 0x7f, 0xe0, 0xcc, 0xa1, 0x98, 0x63, 0x30,
    0x66, 0x68, 0x3c, 0xf1, 0xdb, 0xcf, 0x3e, 0x38,
    0x60, 0x1, 0xc0, 0xf, 0x0,

    /* U+5757 "块" */
    0x30, 0xc0, 0x61, 0x80, 0xc3, 0x1, 0x9f, 0xef,
    0xff, 0xdf, 0x99, 0x8c, 0x33, 0x18, 0x66, 0x33,
    0xfe, 0x67, 0xfc, 0xf7, 0x87, 0x8d, 0x84, 0x3b,
    0x80, 0xe3, 0xc1, 0x83, 0x80, 0x0,

    /* U+578B "型" */
    0x0, 0xc, 0xfe, 0xd9, 0xfd, 0xb1, 0xb3, 0x63,
    0x66, 0xdf, 0xfd, 0x8d, 0x9b, 0x33, 0x6, 0xc6,
    0x3c, 0x7, 0x1, 0xff, 0xe3, 0xff, 0xc0, 0x38,
    0x1f, 0xff, 0xc0,

    /* U+57FA "基" */
    0x18, 0x30, 0xff, 0xf9, 0xff, 0xf0, 0xc1, 0x81,
    0xff, 0x3, 0x6, 0x7, 0xfc, 0xc, 0x18, 0xff,
    0xff, 0xff, 0xfc, 0xcc, 0x77, 0xff, 0x70, 0x30,
    0xf, 0xff, 0x1f, 0xfe, 0x0,

    /* U+589E "增" */
    0x31, 0x8c, 0xc3, 0x63, 0x9, 0x8c, 0xff, 0x7b,
    0xad, 0xed, 0xd3, 0x37, 0x4c, 0xff, 0x33, 0xfc,
    0xc7, 0xf3, 0xd8, 0xff, 0x7f, 0x61, 0x8c, 0x7,
    0xf0, 0x18, 0xc0,

    /* U+5904 "处" */
    0x18, 0x60, 0x70, 0xc0, 0xc1, 0x81, 0xfb, 0x3,
    0xf7, 0xc, 0x6f, 0x1c, 0xde, 0x3b, 0x36, 0xd6,
    0x66, 0x3c, 0xc0, 0x71, 0x80, 0xf3, 0x3, 0xf0,
    0xe, 0x7f, 0xf8, 0x3f, 0x80,

    /* U+5907 "备" */
    0x7, 0x0, 0xf, 0xf8, 0x3c, 0x38, 0x7e, 0xf0,
    0x7, 0xc0, 0x7f, 0xff, 0xfc, 0x3e, 0x7f, 0xf8,
    0x3f, 0xf8, 0x31, 0x98, 0x3f, 0xf8, 0x31, 0x98,
    0x3f, 0xf8, 0x3f, 0xf8,

    /* U+590D "复" */
    0x18, 0x0, 0x3f, 0xfe, 0x70, 0x0, 0x7f, 0xfc,
    0x18, 0xc, 0x1f, 0xfc, 0x18, 0xc, 0x1f, 0xfc,
    0x6, 0x0, 0x1f, 0xfc, 0x7c, 0x38, 0x27, 0xf0,
    0x3f, 0xfc, 0x7c, 0x3e,

    /* U+5916 "外" */
    0x30, 0x60, 0x60, 0xc0, 0xc1, 0x81, 0xfb, 0x7,
    0xf6, 0xc, 0x6c, 0x39, 0xde, 0x6b, 0x3e, 0x3e,
    0x6e, 0x3c, 0xcc, 0x71, 0x80, 0xc3, 0x7, 0x86,
    0x1c, 0xc, 0x10, 0x18, 0x0,

    /* U+591A "多" */
    0x6, 0x0, 0x3f, 0xe1, 0xe1, 0x83, 0x66, 0x0,
    0xf8, 0x1, 0xe8, 0x3e, 0x78, 0x21, 0xff, 0x1e,
    0x1c, 0x76, 0x70, 0xf, 0xc0, 0x3f, 0xf, 0xf8,
    0x1f, 0x0, 0x0,

    /* U+5931 "失" */
    0x23, 0x0, 0x66, 0x0, 0xcc, 0x3, 0xff, 0xc7,
    0xff, 0x9c, 0x60, 0x10, 0xc0, 0x7f, 0xfe, 0xff,
    0xfc, 0xf, 0x0, 0x3f, 0x0, 0xe7, 0x3, 0x87,
    0x1e, 0x7, 0x90, 0x3, 0x0,

    /* U+59CB "始" */
    0x30, 0x70, 0x20, 0x60, 0x20, 0xe4, 0xfc, 0xcc,
    0xfd, 0xc6, 0x6f, 0x86, 0x6d, 0xff, 0x4d, 0xf3,
    0xdc, 0x0, 0x79, 0xfe, 0x39, 0x86, 0x3d, 0x86,
    0x7d, 0x86, 0xe1, 0xfe, 0x41, 0x86,

    /* U+5B57 "字" */
    0x0, 0x0, 0xc, 0xf, 0xff, 0xff, 0xff, 0xc0,
    0xf, 0xff, 0xb3, 0xfe, 0x0, 0x70, 0x3, 0x83,
    0xff, 0xff, 0xff, 0xc0, 0xc0, 0x3, 0x0, 0x7c,
    0x0, 0xe0, 0x0,

    /* U+5B58 "存" */
    0x3, 0x0, 0xe, 0x1, 0xff, 0xfb, 0xff, 0xf0,
    0xc0, 0x1, 0x80, 0x6, 0x7f, 0x1c, 0xe, 0x38,
    0x39, 0xf0, 0x61, 0x6f, 0xf8, 0xdf, 0xf1, 0x83,
    0x3, 0x3e, 0x6, 0x38, 0x0,

    /* U+5B8C "完" */
    0x3, 0x0, 0x6, 0x3, 0xff, 0xf7, 0xff, 0xec,
    0x0, 0xdb, 0xfd, 0x87, 0xf8, 0x0, 0x0, 0xff,
    0xfd, 0xff, 0xf8, 0x33, 0x0, 0x66, 0x1, 0x8c,
    0x7f, 0x1f, 0xb8, 0x3f, 0x0,

    /* U+5B9A "定" */
    0x1, 0x80, 0x1, 0x80, 0x7f, 0xfe, 0x7f, 0xfe,
    0x60, 0x6, 0x6f, 0xf6, 0xf, 0xf0, 0x1, 0x80,
    0x19, 0x80, 0x19, 0xf8, 0x19, 0xf8, 0x3d, 0x80,
    0x3f, 0x80, 0x67, 0xfe, 0x61, 0xfe,

    /* U+5B9E "实" */
    0x1, 0x0, 0xc, 0xf, 0xff, 0xff, 0xff, 0xc0,
    0xf, 0x76, 0x30, 0xd8, 0x1c, 0x60, 0x33, 0x0,
    0x4c, 0xf, 0xff, 0xc1, 0xa0, 0x1e, 0xf3, 0xf0,
    0xf7, 0x0, 0x80,

    /* U+5BDF "察" */
    0x1, 0x80, 0x7f, 0xff, 0x7f, 0xff, 0x6c, 0xc7,
    0x1f, 0xfe, 0x3b, 0x7e, 0x7e, 0x7c, 0x5e, 0x38,
    0x1f, 0xff, 0x78, 0x7, 0x7f, 0xfc, 0x1f, 0xfc,
    0xe, 0x98, 0x38, 0x9e, 0x63, 0x82,

    /* U+5BF9 "对" */
    0x0, 0x18, 0x0, 0x33, 0xf8, 0x67, 0xf0, 0xc0,
    0x7f, 0xe0, 0xbf, 0xd3, 0x6, 0x3e, 0x4c, 0x3d,
    0x98, 0x39, 0xb0, 0x7b, 0x61, 0xb0, 0xc7, 0x21,
    0x9c, 0xf, 0x10, 0x1c, 0x0,

    /* U+5C06 "将" */
    0x18, 0x40, 0x31, 0x80, 0x67, 0xfe, 0xf8, 0x67,
    0x9d, 0x87, 0x1e, 0x7, 0xf6, 0xf, 0x8c, 0x3f,
    0xfe, 0xff, 0xff, 0xec, 0x62, 0xd8, 0xc1, 0x99,
    0x83, 0x23, 0x6, 0x1e, 0x0,

    /* U+5C40 "局" */
    0x3f, 0xfc, 0x60, 0x18, 0xc0, 0x31, 0xff, 0xe3,
    0x0, 0x6, 0x0, 0xf, 0xff, 0x98, 0x3, 0x30,
    0x6, 0xef, 0xcd, 0x99, 0x9b, 0x3f, 0x6c, 0x7f,
    0xc8, 0xc3, 0x80,

    /* U+5C4F "屏" */
    0x3f, 0xfe, 0x30, 0x6, 0x30, 0x6, 0x3f, 0xfe,
    0x32, 0x8, 0x37, 0x18, 0x30, 0x18, 0x3f, 0xfe,
    0x33, 0x18, 0x73, 0x18, 0x7f, 0xff, 0x67, 0x18,
    0xee, 0x18, 0x4c, 0x18,

    /* U+5DF2 "已" */
    0xff, 0xf3, 0xff, 0xc0, 0x3, 0x0, 0xc, 0x60,
    0x31, 0x80, 0xc7, 0xff, 0x1f, 0xfc, 0x60, 0x31,
    0x80, 0x6, 0x0, 0xd8, 0x3, 0x7f, 0xfc, 0xff,
    0xe0,

    /* U+5E55 "幕" */
    0xc, 0x30, 0x7f, 0xfe, 0xc, 0x30, 0x0, 0x0,
    0x3f, 0xfc, 0x30, 0xc, 0x3f, 0xfc, 0x3f, 0xfc,
    0x6, 0x0, 0x7f, 0xfe, 0x1d, 0x98, 0xff, 0xff,
    0x79, 0x9e, 0x19, 0x98, 0x19, 0xb8,

    /* U+5E76 "并" */
    0x18, 0x18, 0xc, 0x38, 0xc, 0x30, 0x7f, 0xfe,
    0x7f, 0xfe, 0xc, 0x30, 0xc, 0x30, 0xff, 0xff,
    0xff, 0xff, 0xc, 0x30, 0x1c, 0x30, 0x38, 0x30,
    0x70, 0x30, 0x60, 0x30,

    /* U+5E8F "序" */
    0x0, 0x80, 0x3, 0x1, 0xff, 0xfb, 0xff, 0xf6,
    0x0, 0xd, 0xff, 0x98, 0x8e, 0x31, 0xf0, 0x6f,
    0xfc, 0xdf, 0xf9, 0x83, 0x33, 0x6, 0xec, 0xc,
    0x18, 0x18, 0x31, 0xf0, 0x0,

    /* U+5E94 "应" */
    0x1, 0x80, 0x3, 0x1, 0xff, 0xfb, 0xff, 0xf6,
    0x0, 0xc, 0x31, 0x9b, 0x63, 0x36, 0xcc, 0x6c,
    0xd8, 0xcd, 0xb1, 0x9a, 0xc3, 0x21, 0x8e, 0x6,
    0x1b, 0xff, 0xf7, 0xff, 0xa0, 0x0,

    /* U+5EA6 "度" */
    0x0, 0x0, 0x3, 0x1, 0xff, 0xfb, 0xff, 0xf6,
    0x63, 0xf, 0xff, 0x99, 0x8c, 0x33, 0xf8, 0x67,
    0xf0, 0xc0, 0x1, 0xff, 0xe3, 0x71, 0xcc, 0x7f,
    0x1b, 0xff, 0xb7, 0x9f, 0x0,

    /* U+5EB7 "康" */
    0x0, 0x80, 0x1, 0x81, 0xff, 0xfb, 0x6, 0x6,
    0xff, 0xcc, 0x1b, 0x9b, 0xff, 0xb0, 0x6e, 0x6f,
    0xfc, 0xd9, 0x89, 0xbb, 0xf3, 0x1f, 0x8c, 0xfd,
    0x9b, 0x99, 0xf0, 0xf0, 0x0,

    /* U+5EFA "建" */
    0x0, 0xc1, 0xff, 0xf8, 0x43, 0x31, 0x86, 0x62,
    0xff, 0xec, 0x19, 0xbf, 0xff, 0x48, 0x60, 0xd7,
    0xfd, 0xa1, 0x81, 0xc3, 0x3, 0xff, 0xe7, 0xc,
    0xf, 0x80, 0x31, 0xff, 0x80,

    /* U+5F00 "开" */
    0x7f, 0xfe, 0xff, 0xfc, 0x30, 0xc0, 0x61, 0x80,
    0xc3, 0x1, 0x86, 0x3f, 0xff, 0xff, 0xff, 0xc,
    0x30, 0x30, 0x60, 0x60, 0xc1, 0xc1, 0x87, 0x3,
    0xc, 0x6, 0x0,

    /* U+5F03 "弃" */
    0x3, 0x0, 0xc, 0xf, 0xff, 0xc3, 0x18, 0x1c,
    0x70, 0xe0, 0xc7, 0xff, 0x86, 0x18, 0x18, 0x63,
    0xff, 0xff, 0xff, 0xc6, 0x18, 0x30, 0x63, 0xc1,
    0x84, 0x6, 0x0,

    /* U+5F20 "张" */
    0xfb, 0x3, 0xec, 0x61, 0xb3, 0x3e, 0xf8, 0xfb,
    0x43, 0x1f, 0xfc, 0x7f, 0xf1, 0xff, 0xfb, 0x60,
    0x6c, 0xc1, 0x33, 0x4, 0xf6, 0x13, 0xdf, 0xcc,
    0x20,

    /* U+5F53 "当" */
    0x6, 0x6, 0x31, 0xb9, 0x8c, 0xcc, 0xc6, 0x66,
    0x3, 0x3, 0xff, 0xdf, 0xfe, 0x0, 0x33, 0xff,
    0x9f, 0xfc, 0x0, 0x60, 0x3, 0x7f, 0xfb, 0xff,
    0xc0,

    /* U+5F55 "录" */
    0x7f, 0xf9, 0xff, 0xe0, 0x3, 0x9f, 0xfc, 0x0,
    0x33, 0xff, 0xff, 0xff, 0xc8, 0xc6, 0x73, 0xb8,
    0x6f, 0xc1, 0xfe, 0x3f, 0xdc, 0xe3, 0x1c, 0x3c,
    0x0,

    /* U+5F85 "待" */
    0x10, 0x60, 0xc1, 0x86, 0x3f, 0xf0, 0xff, 0x98,
    0x60, 0xff, 0xf3, 0x7f, 0xdc, 0x6, 0xf0, 0x1a,
    0xff, 0xf3, 0x11, 0x8c, 0xe6, 0x31, 0x98, 0xc1,
    0xe3, 0x7, 0x80,

    /* U+5FC6 "忆" */
    0x30, 0x0, 0x60, 0x0, 0xcf, 0xf1, 0x9f, 0xef,
    0xc3, 0x9f, 0x86, 0x3d, 0x18, 0x58, 0x60, 0x31,
    0xc0, 0x63, 0x0, 0xcc, 0x11, 0x90, 0x33, 0x70,
    0x66, 0x7f, 0x8c, 0xff, 0x0,

    /* U+5FEB "快" */
    0x30, 0x60, 0x60, 0xc0, 0xc1, 0x81, 0xdf, 0xe7,
    0xff, 0xdf, 0x8d, 0xbd, 0x1b, 0x78, 0x36, 0x37,
    0xfe, 0x6f, 0xfc, 0xc3, 0xc1, 0x8f, 0xc3, 0x19,
    0xc6, 0xe1, 0xcd, 0x81, 0x0,

    /* U+6062 "恢" */
    0x39, 0x80, 0x73, 0x0, 0xe6, 0x1, 0xff, 0xf7,
    0x90, 0x1f, 0x22, 0x3e, 0x55, 0xfd, 0xfb, 0x3a,
    0xf4, 0x75, 0x78, 0xf8, 0xc1, 0xe3, 0xc3, 0x8e,
    0xc7, 0x79, 0xce, 0x41, 0x0,

    /* U+606F "息" */
    0x3, 0x0, 0xc, 0x3, 0xff, 0xc, 0xc, 0x3f,
    0xf0, 0xc0, 0xc3, 0xff, 0xc, 0xc, 0x3f, 0xf0,
    0xc, 0x5, 0xb9, 0x9e, 0x67, 0xd8, 0x2f, 0x7f,
    0xb0, 0xfe, 0x0,

    /* U+610F "意" */
    0x3, 0x1, 0xff, 0xe1, 0x86, 0x6, 0x18, 0xff,
    0xfc, 0x0, 0x3, 0xff, 0xc, 0xc, 0x3f, 0xf0,
    0xc0, 0xc3, 0xff, 0x1, 0xc0, 0x69, 0x9b, 0x21,
    0xbc, 0xfc, 0x80,

    /* U+620F "戏" */
    0x0, 0x6c, 0x0, 0x6e, 0x7e, 0x66, 0x6, 0x6f,
    0x67, 0xff, 0x6e, 0xe0, 0x3c, 0x66, 0x1c, 0x66,
    0x1c, 0x2c, 0x3e, 0x38, 0x3e, 0x3a, 0x72, 0x7b,
    0x61, 0xff, 0x0, 0x8e, 0x0, 0x4,

    /* U+6210 "成" */
    0x0, 0xd8, 0x1, 0xb8, 0x3, 0x31, 0xff, 0xf3,
    0xff, 0xe6, 0x18, 0xc, 0x33, 0x1f, 0xf6, 0x33,
    0xfc, 0x66, 0xf0, 0xcd, 0xc1, 0xfb, 0x97, 0xff,
    0x6c, 0x3f, 0xd8, 0x27, 0x0,

    /* U+6216 "或" */
    0x0, 0xd8, 0x1, 0xb8, 0x3, 0x37, 0xff, 0xff,
    0xff, 0xe0, 0x18, 0x1f, 0xb3, 0x33, 0x6e, 0x66,
    0xf8, 0xfc, 0xf0, 0x1, 0xd0, 0xf3, 0x3f, 0xff,
    0x7c, 0x7f, 0xc0, 0x47, 0x0,

    /* U+6218 "战" */
    0x30, 0x60, 0x60, 0xf0, 0xc1, 0xb1, 0x83, 0x63,
    0xe6, 0x6, 0x1f, 0xcc, 0x7e, 0x18, 0x32, 0xff,
    0x6d, 0x86, 0xdb, 0xc, 0xe6, 0x19, 0x8c, 0x33,
    0x7f, 0xfb, 0xf0, 0xe7, 0x0,

    /* U+6234 "戴" */
    0xc, 0x60, 0x18, 0xd9, 0xff, 0xb8, 0x63, 0x2f,
    0xff, 0xe0, 0xc, 0x1f, 0xe9, 0xbf, 0xdb, 0x6d,
    0xbc, 0xff, 0x79, 0xfe, 0xe3, 0xfd, 0xc7, 0xfb,
    0xae, 0xff, 0xd8, 0xd3, 0x80,

    /* U+624D "才" */
    0x0, 0x60, 0x0, 0xc0, 0x1, 0x80, 0x3, 0x7,
    0xff, 0xef, 0xff, 0xc0, 0x78, 0x1, 0xb0, 0x6,
    0x60, 0x1c, 0xc0, 0xf1, 0x83, 0x83, 0x6, 0x6,
    0x0, 0x7c, 0x0, 0x70, 0x0,

    /* U+6267 "执" */
    0x30, 0xc0, 0x61, 0x80, 0xc3, 0x7, 0xdf, 0xcf,
    0xbf, 0x86, 0x1b, 0xc, 0x36, 0x1f, 0xec, 0xfd,
    0xd9, 0xe3, 0xf0, 0xc6, 0xe1, 0x9c, 0xc3, 0x71,
    0xaf, 0xc3, 0xd9, 0x3, 0x80,

    /* U+62E9 "择" */
    0x30, 0x0, 0x6f, 0xf8, 0xc6, 0x77, 0xe7, 0xcf,
    0xcf, 0x6, 0x1e, 0xc, 0xff, 0x9b, 0x87, 0xf8,
    0x61, 0xe7, 0xf8, 0xc1, 0x81, 0x83, 0x3, 0x7f,
    0xee, 0xc, 0x18, 0x18, 0x0,

    /* U+6309 "按" */
    0x30, 0x60, 0x60, 0xc0, 0xcf, 0xff, 0xff, 0xff,
    0xf6, 0x66, 0x78, 0xcc, 0x30, 0x1b, 0xff, 0x3f,
    0xff, 0xfb, 0x33, 0xce, 0x61, 0x8f, 0x83, 0x7,
    0x6, 0x3b, 0x98, 0xc1, 0x80,

    /* U+6311 "挑" */
    0x31, 0xb0, 0x63, 0x60, 0xd6, 0xdf, 0xfd, 0xbf,
    0xbb, 0xc6, 0x77, 0xc, 0x6c, 0x1c, 0xdc, 0xfb,
    0xbd, 0xef, 0x6c, 0xd6, 0xc9, 0x99, 0x93, 0x33,
    0x2e, 0xc7, 0xd9, 0xf, 0x80,

    /* U+63D0 "提" */
    0x30, 0x0, 0x67, 0xf8, 0xcc, 0x37, 0xff, 0xef,
    0xf0, 0xc6, 0x7f, 0x8c, 0x0, 0x1f, 0xff, 0xff,
    0xff, 0xe6, 0xc0, 0xcd, 0xf1, 0x9b, 0x3, 0x3e,
    0x6, 0xdc, 0x1b, 0x1f, 0x80,

    /* U+64AD "播" */
    0x30, 0x4, 0x37, 0xfc, 0x31, 0x6c, 0xfb, 0x6c,
    0xf9, 0xe8, 0xff, 0xfe, 0x31, 0xf8, 0x3b, 0x6c,
    0xff, 0xfe, 0xf3, 0xfc, 0x33, 0x6c, 0x33, 0xfc,
    0x33, 0x6c, 0x33, 0xfc, 0x63, 0xfc,

    /* U+64CD "操" */
    0x30, 0x0, 0x31, 0xfc, 0x31, 0xc, 0xf9, 0xfc,
    0xf8, 0x0, 0x33, 0xde, 0x32, 0xd2, 0x3a, 0xd2,
    0xfb, 0xde, 0xf0, 0x60, 0x33, 0xfe, 0x30, 0xf0,
    0x31, 0xf8, 0x33, 0x6e, 0x76, 0x62,

    /* U+64E6 "擦" */
    0x30, 0x60, 0x37, 0xfe, 0x37, 0xfe, 0x7f, 0x26,
    0x7b, 0xfe, 0x32, 0xd4, 0x35, 0x9c, 0x3b, 0xfc,
    0xfb, 0xf6, 0x77, 0xfe, 0x33, 0xfc, 0x30, 0x68,
    0x33, 0x6c, 0x32, 0x66, 0x74, 0xe4,

    /* U+653E "放" */
    0x18, 0x60, 0x30, 0xc0, 0x21, 0x87, 0xfb, 0xf3,
    0xf, 0xe6, 0x19, 0x8f, 0xf3, 0x1f, 0xf4, 0x36,
    0xf8, 0x6c, 0x70, 0xd8, 0xc3, 0x31, 0x86, 0x67,
    0x9c, 0xd9, 0xb7, 0x61, 0x80,

    /* U+6548 "效" */
    0x10, 0x30, 0x30, 0x63, 0xfd, 0x87, 0xfb, 0xf0,
    0x47, 0xec, 0xd9, 0x98, 0xf3, 0x67, 0xf6, 0xfc,
    0xe8, 0x78, 0x70, 0x70, 0xe1, 0xf1, 0xc7, 0x67,
    0x9c, 0x1d, 0xf0, 0x71, 0x80, 0x0,

    /* U+6574 "整" */
    0x8, 0x30, 0x7f, 0x60, 0x8, 0x7e, 0x7f, 0xec,
    0x4b, 0xec, 0x7f, 0x38, 0x3e, 0x3c, 0x6b, 0xe6,
    0x3f, 0xfc, 0x3f, 0xfc, 0x1, 0x80, 0x19, 0xf8,
    0x19, 0x80, 0x7f, 0xfe, 0x7f, 0xfe,

    /* U+6587 "文" */
    0x1, 0x0, 0x7, 0x0, 0x6, 0x7, 0xff, 0xff,
    0xff, 0xe3, 0x6, 0x6, 0xc, 0x6, 0x30, 0xe,
    0xe0, 0xf, 0x80, 0xe, 0x0, 0x3e, 0x1, 0xef,
    0x1f, 0x8f, 0xfc, 0x7, 0x80,

    /* U+65B0 "新" */
    0x8, 0x0, 0x8, 0x1e, 0x7f, 0x78, 0x36, 0x60,
    0x36, 0x60, 0x7f, 0x7f, 0x7f, 0x7f, 0x8, 0x6c,
    0x8, 0x6c, 0x7f, 0x6c, 0x8, 0x6c, 0x6b, 0x6c,
    0x6b, 0x6c, 0x48, 0xcc, 0x18, 0xcc,

    /* U+65B9 "方" */
    0x3, 0x0, 0xc, 0x0, 0x30, 0x3f, 0xff, 0xff,
    0xfc, 0x30, 0x0, 0xc0, 0x3, 0xff, 0xf, 0xf8,
    0x60, 0x61, 0x81, 0x8e, 0x6, 0x70, 0x3b, 0x87,
    0xe4, 0x1f, 0x0,

    /* U+65E0 "无" */
    0x3f, 0xfe, 0x3f, 0xfe, 0x1, 0x80, 0x1, 0x80,
    0x7f, 0xfe, 0x7f, 0xfe, 0x7f, 0xfe, 0x3, 0xc0,
    0x3, 0xc0, 0x7, 0xc0, 0xe, 0xc3, 0x1c, 0xc2,
    0x78, 0x7e, 0x70, 0x7e,

    /* U+65F6 "时" */
    0x0, 0x18, 0x0, 0x33, 0xf0, 0x66, 0x7f, 0xfc,
    0xff, 0xf9, 0x83, 0x3f, 0x46, 0x66, 0xcc, 0xcd,
    0xd9, 0x99, 0xb3, 0x32, 0x67, 0xe0, 0xcc, 0x1,
    0x80, 0x1f, 0x0, 0x3c, 0x0,

    /* U+660E "明" */
    0xfd, 0xff, 0xf7, 0xfc, 0xd8, 0xf3, 0x63, 0xcd,
    0xff, 0xf7, 0xfc, 0xd8, 0xf3, 0x7f, 0xfd, 0xff,
    0xfe, 0x3c, 0x30, 0xc1, 0xc3, 0xe, 0x3c, 0x10,
    0xf0,

    /* U+66F4 "更" */
    0x7f, 0xfe, 0x7f, 0xfe, 0x1, 0x80, 0x3f, 0xfc,
    0x31, 0x8c, 0x31, 0x8c, 0x3f, 0xfc, 0x31, 0x8c,
    0x3f, 0xfc, 0x11, 0x80, 0x1f, 0x0, 0xf, 0x0,
    0x7f, 0xfe, 0x70, 0xfe,

    /* U+6700 "最" */
    0x3f, 0xf8, 0x60, 0x30, 0xff, 0xe1, 0x80, 0xc3,
    0xff, 0x80, 0x0, 0x3f, 0xff, 0x33, 0x0, 0x7f,
    0xfc, 0xcd, 0x19, 0xfb, 0x63, 0x3b, 0x8f, 0xff,
    0x80, 0xd1, 0x80,

    /* U+672A "未" */
    0x1, 0x80, 0x1, 0x80, 0x1, 0x80, 0x3f, 0xfc,
    0x3f, 0xfc, 0x1, 0x80, 0x1, 0x80, 0x7f, 0xfe,
    0x7f, 0xfe, 0x3, 0xc0, 0xf, 0xf0, 0x1d, 0xb8,
    0x79, 0x9e, 0x61, 0x86, 0x1, 0x80,

    /* U+672C "本" */
    0x1, 0x80, 0x1, 0x80, 0x1, 0x80, 0x1, 0x80,
    0x7f, 0xfe, 0x7f, 0xfe, 0x7, 0xe0, 0xd, 0xb0,
    0xd, 0xb0, 0x19, 0x98, 0x31, 0x9c, 0x7f, 0xff,
    0x6f, 0xf6, 0x1, 0x80, 0x1, 0x80,

    /* U+673A "机" */
    0x18, 0x0, 0x18, 0xfc, 0x18, 0xfc, 0x18, 0xcc,
    0x7e, 0xcc, 0x7e, 0xcc, 0x18, 0xcc, 0x3c, 0xcc,
    0x3e, 0xcc, 0x7e, 0xcc, 0xd9, 0xcc, 0x59, 0x8d,
    0x19, 0x8d, 0x1b, 0xf, 0x1b, 0xf,

    /* U+675F "束" */
    0x3, 0x0, 0x6, 0x3, 0xff, 0xf7, 0xff, 0xe0,
    0x30, 0xf, 0xff, 0x18, 0xc6, 0x31, 0x8c, 0x63,
    0x18, 0xff, 0xf0, 0x3f, 0x0, 0xff, 0x7, 0xb7,
    0x9c, 0x63, 0x80, 0xc0, 0x0,

    /* U+6765 "来" */
    0x1, 0x80, 0x1, 0x80, 0x3f, 0xfe, 0x3f, 0xfe,
    0x19, 0x9c, 0x19, 0x98, 0xd, 0xb0, 0x7f, 0xfe,
    0x7f, 0xfe, 0x7, 0xe0, 0xf, 0xf0, 0x1d, 0xb8,
    0x79, 0x9e, 0x61, 0x86, 0x1, 0x80,

    /* U+677E "松" */
    0x30, 0x10, 0x63, 0xb0, 0xc6, 0x67, 0xec, 0xcf,
    0xf8, 0xc6, 0x69, 0xdf, 0xd9, 0x3c, 0x72, 0x7c,
    0xc1, 0xe9, 0xb2, 0xc6, 0x65, 0x8c, 0x63, 0x3f,
    0xc6, 0x7f, 0xcc, 0x81, 0x0,

    /* U+679A "枚" */
    0x18, 0x60, 0x18, 0x60, 0x18, 0x60, 0x18, 0xe0,
    0x7e, 0xff, 0x7f, 0xff, 0x19, 0xc6, 0x39, 0xcc,
    0x3d, 0x6c, 0x7e, 0x7c, 0x7a, 0x38, 0x58, 0x38,
    0x18, 0xfc, 0x1b, 0xcf, 0x19, 0x82,

    /* U+679C "果" */
    0x3f, 0xf8, 0x3f, 0xf8, 0x31, 0x98, 0x3f, 0xf8,
    0x31, 0x98, 0x31, 0x98, 0x3f, 0xf8, 0x1, 0x80,
    0x7f, 0xfe, 0x7f, 0xfe, 0x7, 0xe0, 0x1d, 0xb8,
    0xf1, 0x8e, 0x41, 0x80,

    /* U+67E5 "查" */
    0x3, 0x0, 0xc, 0x0, 0x30, 0x3f, 0xff, 0xf,
    0xc0, 0xed, 0xc7, 0x33, 0xff, 0xfa, 0x30, 0x20,
    0xff, 0x83, 0x2, 0xf, 0xf8, 0x0, 0x0, 0x0,
    0xf, 0xff, 0xc0,

    /* U+6807 "标" */
    0x18, 0x0, 0x18, 0xfe, 0x18, 0xfe, 0x7e, 0x0,
    0x7e, 0x0, 0x19, 0xff, 0x3d, 0xff, 0x3c, 0x30,
    0x7e, 0x30, 0x79, 0xb6, 0x59, 0xb6, 0x59, 0x32,
    0x1b, 0x33, 0x18, 0xf2, 0x18, 0x60,

    /* U+6837 "样" */
    0x31, 0xc, 0x63, 0x38, 0xc6, 0x67, 0xff, 0xef,
    0xff, 0xc6, 0xc, 0xc, 0x18, 0x3d, 0xfe, 0x7b,
    0xfc, 0xe0, 0xc3, 0xdf, 0xfd, 0xbf, 0xf3, 0x6,
    0x6, 0xc, 0xc, 0x18, 0x0,

    /* U+6B21 "次" */
    0x3, 0x1, 0xc6, 0x1, 0xdf, 0xf1, 0xbf, 0xe0,
    0x6c, 0xc1, 0x9b, 0x83, 0x36, 0x18, 0x60, 0x30,
    0xe0, 0xe3, 0xc1, 0x86, 0xc7, 0x19, 0xc4, 0xf1,
    0xc3, 0xc1, 0x82, 0x1, 0x0,

    /* U+6B62 "止" */
    0x1, 0x80, 0x3, 0x0, 0x6, 0x1, 0x8c, 0x3,
    0x18, 0x6, 0x3f, 0x8c, 0x7f, 0x18, 0xc0, 0x31,
    0x80, 0x63, 0x0, 0xc6, 0x1, 0x8c, 0x3, 0x18,
    0x1f, 0xff, 0xff, 0xff, 0x80,

    /* U+6B63 "正" */
    0x7f, 0xfc, 0xff, 0xf8, 0x6, 0x0, 0xc, 0x0,
    0x18, 0x6, 0x30, 0xc, 0x7f, 0x18, 0xfe, 0x31,
    0x80, 0x63, 0x0, 0xc6, 0x1, 0x8c, 0xf, 0xff,
    0xff, 0xff, 0xc0,

    /* U+6B65 "步" */
    0x3, 0x0, 0xcc, 0x3, 0x3f, 0x8c, 0xfe, 0x33,
    0x3, 0xff, 0xff, 0xff, 0xc0, 0xc0, 0x3b, 0x19,
    0xcc, 0xee, 0x37, 0x10, 0xf8, 0x7, 0xc1, 0xfc,
    0xf, 0xc0, 0x0, 0x0,

    /* U+6BCF "每" */
    0x0, 0x0, 0x18, 0x0, 0x7f, 0xf9, 0x80, 0x7,
    0x0, 0x1f, 0xff, 0x6, 0x46, 0xc, 0xcc, 0x18,
    0xd9, 0xff, 0xfc, 0xee, 0x61, 0x8e, 0xc3, 0xff,
    0xe0, 0x3, 0x0, 0x1c, 0x0,

    /* U+6CD5 "法" */
    0x20, 0x60, 0xe0, 0xc0, 0xe1, 0x80, 0x5f, 0xe0,
    0x3f, 0xc8, 0xc, 0x3c, 0x18, 0x1b, 0xff, 0x7,
    0xfe, 0x11, 0x80, 0x63, 0x21, 0xcc, 0x63, 0x19,
    0xce, 0x7f, 0xc8, 0xe0, 0x80,

    /* U+6D41 "流" */
    0x60, 0x60, 0x70, 0xc0, 0x5f, 0xf8, 0x6, 0x44,
    0x18, 0xcc, 0x7f, 0x9d, 0xff, 0x88, 0x0, 0x3,
    0x68, 0x36, 0xd0, 0xed, 0xa1, 0x9b, 0x56, 0x66,
    0xad, 0x8d, 0xc0,

    /* U+6D4B "测" */
    0x40, 0xf, 0xbf, 0x32, 0x8d, 0xc2, 0xb7, 0xa,
    0xdf, 0x2b, 0x7e, 0xad, 0xc2, 0xb7, 0xa, 0xdc,
    0x2b, 0x76, 0xad, 0xda, 0xb7, 0x67, 0xf, 0x36,
    0x34, 0x8d, 0xc0,

    /* U+6E38 "游" */
    0x0, 0x21, 0xcc, 0x61, 0x99, 0xf9, 0xff, 0xf1,
    0xfe, 0x11, 0x98, 0x3b, 0x1f, 0x87, 0xce, 0xd,
    0x98, 0xdb, 0xfd, 0xb6, 0x63, 0x4c, 0xcd, 0x91,
    0x9b, 0x23, 0x15, 0xde, 0x0,

    /* U+6EE1 "满" */
    0x1, 0x98, 0x31, 0x98, 0x3f, 0xfe, 0x11, 0x98,
    0x0, 0x0, 0x47, 0xff, 0x70, 0xd8, 0x7, 0xfe,
    0x16, 0xda, 0x1e, 0xda, 0x3e, 0xfe, 0x37, 0xbe,
    0x77, 0xb2, 0x66, 0x2, 0x26, 0x6,

    /* U+6F14 "演" */
    0x20, 0x60, 0xff, 0xfc, 0x30, 0x18, 0x1f, 0xc4,
    0x3f, 0x9c, 0xc, 0x9, 0xff, 0x3, 0x36, 0x17,
    0xfc, 0x6c, 0xd8, 0xdf, 0xf3, 0x3f, 0xe6, 0x3b,
    0x8d, 0xe3, 0xc1, 0x1, 0x0,

    /* U+70B9 "点" */
    0x1, 0x0, 0x2, 0x0, 0x7, 0xf0, 0xf, 0xe0,
    0x10, 0x7, 0xff, 0xf, 0xfe, 0x18, 0xc, 0x30,
    0x18, 0x7f, 0xf0, 0xff, 0xe0, 0x0, 0x3, 0x6d,
    0xcc, 0xd9, 0xb9, 0x9b, 0xa2, 0x0,

    /* U+7248 "版" */
    0xc, 0x6, 0x6d, 0xff, 0x6d, 0x80, 0x6d, 0x80,
    0x6d, 0x80, 0x7f, 0xfe, 0x61, 0xfe, 0x61, 0xe6,
    0x7d, 0xee, 0x6d, 0xbc, 0x6d, 0xbc, 0x6d, 0xb8,
    0x6d, 0x7c, 0xcf, 0xff, 0x4d, 0x46,

    /* U+72EC "独" */
    0x40, 0x61, 0xd8, 0xc1, 0xe1, 0x81, 0x83, 0x7,
    0x3f, 0xdf, 0x6d, 0x86, 0xdb, 0xd, 0xb6, 0x7b,
    0xfd, 0xf0, 0xc1, 0x61, 0xb0, 0xc3, 0x61, 0xff,
    0xcf, 0xff, 0xdd, 0x1, 0x0,

    /* U+73A9 "玩" */
    0xff, 0xfc, 0xff, 0xfc, 0x30, 0x0, 0x30, 0x0,
    0x30, 0x0, 0xff, 0xfe, 0xff, 0xfe, 0x31, 0xb0,
    0x31, 0xb0, 0x35, 0xb0, 0xfd, 0xb6, 0xe3, 0x37,
    0xf, 0x3f, 0x4, 0x1e,

    /* U+73B0 "现" */
    0xff, 0xfd, 0xfe, 0x8, 0xcc, 0x11, 0x9b, 0x23,
    0x36, 0x5f, 0xec, 0xbf, 0xd9, 0x19, 0xb2, 0x30,
    0x60, 0x78, 0xe1, 0xf3, 0xcf, 0xcd, 0x9c, 0x3b,
    0x20, 0xc7, 0x80,

    /* U+7406 "理" */
    0xff, 0xff, 0xff, 0xfc, 0xcd, 0x99, 0x9f, 0xf3,
    0x36, 0x7f, 0x6c, 0xfe, 0xff, 0x99, 0xff, 0x30,
    0x60, 0x6f, 0xf8, 0xf1, 0x87, 0x83, 0xc, 0x7f,
    0xe0, 0xff, 0xc0,

    /* U+751F "生" */
    0x19, 0x80, 0x33, 0x0, 0x66, 0x1, 0xff, 0xe3,
    0xff, 0xcc, 0x30, 0x18, 0x60, 0x0, 0xc0, 0x1f,
    0xfc, 0x3f, 0xf8, 0x6, 0x0, 0xc, 0x0, 0x18,
    0xf, 0xff, 0xdf, 0xff, 0x80,

    /* U+7528 "用" */
    0x3f, 0xfc, 0xff, 0xf3, 0x18, 0xcc, 0x63, 0x3f,
    0xfc, 0xff, 0xf3, 0x18, 0xcc, 0x63, 0x3f, 0xfc,
    0xff, 0xf6, 0x18, 0xd8, 0x63, 0xe1, 0xbd, 0x6,
    0xf0,

    /* U+7535 "电" */
    0x6, 0x0, 0x30, 0x1, 0x81, 0xff, 0xef, 0xff,
    0x63, 0x1b, 0xff, 0xdf, 0xfe, 0xc6, 0x37, 0xff,
    0xbf, 0xfd, 0x8c, 0x30, 0x61, 0x83, 0xfc, 0xf,
    0xc0,

    /* U+753B "画" */
    0xff, 0xff, 0xff, 0xf0, 0x0, 0x7, 0xf8, 0x1f,
    0xe3, 0x6d, 0xbd, 0xb6, 0xf7, 0xfb, 0xdb, 0x6f,
    0x7f, 0xbd, 0xfe, 0xf0, 0x3, 0xff, 0xff, 0xff,
    0xf0,

    /* U+754C "界" */
    0x3f, 0xfc, 0x3f, 0xfc, 0x31, 0x8c, 0x3f, 0xfc,
    0x31, 0x8c, 0x3f, 0xfc, 0x3f, 0xfc, 0xe, 0x30,
    0x3c, 0x1c, 0xf6, 0x3e, 0x4e, 0x32, 0xc, 0x30,
    0x3c, 0x30, 0x30, 0x30,

    /* U+7559 "留" */
    0x0, 0x0, 0xf7, 0xf7, 0x9f, 0xd8, 0x1b, 0x6c,
    0xcd, 0xb3, 0x37, 0xd8, 0xdd, 0xce, 0x3f, 0xf8,
    0xff, 0xe3, 0x31, 0x8f, 0xfe, 0x33, 0x18, 0xff,
    0xe3, 0xff, 0x80,

    /* U+767E "百" */
    0xff, 0xff, 0xff, 0xf0, 0x30, 0x0, 0xc0, 0x3f,
    0xf8, 0xff, 0xe3, 0x1, 0x8c, 0x6, 0x3f, 0xf8,
    0xc0, 0x63, 0x1, 0x8c, 0x6, 0x3f, 0xf8, 0xff,
    0xe0,

    /* U+7684 "的" */
    0x20, 0x80, 0xc3, 0x3, 0x1c, 0x3f, 0x7f, 0xcd,
    0x8f, 0x3c, 0x3c, 0xf0, 0xf3, 0x23, 0xfc, 0xcf,
    0x31, 0xbc, 0xc6, 0xf3, 0x3, 0xfc, 0x1f, 0x3,
    0xe0, 0x7, 0x80,

    /* U+76D6 "盖" */
    0x8, 0x30, 0xc, 0x70, 0x3f, 0xfc, 0x3f, 0xfc,
    0x1, 0x0, 0x1f, 0xf8, 0x1, 0x0, 0x7f, 0xfe,
    0x7f, 0xfe, 0x0, 0x0, 0x3f, 0xfc, 0x36, 0xcc,
    0x36, 0xcc, 0xff, 0xff, 0xff, 0xff,

    /* U+76D8 "盘" */
    0x3, 0x0, 0x3f, 0xf0, 0x6c, 0x60, 0xcc, 0xcf,
    0xff, 0xe2, 0x63, 0xc, 0xe6, 0x38, 0xfc, 0x20,
    0x30, 0x7f, 0xf0, 0xdb, 0x61, 0xb6, 0xcf, 0xff,
    0xff, 0xff, 0xc0,

    /* U+76F8 "相" */
    0x18, 0x0, 0x33, 0xfc, 0x67, 0xf8, 0xcc, 0x37,
    0xf8, 0x63, 0x3f, 0xce, 0x61, 0x9e, 0xc3, 0x3f,
    0x86, 0xf7, 0xff, 0xe6, 0x1a, 0xcc, 0x35, 0x98,
    0x63, 0x3f, 0xc6, 0x7f, 0x80,

    /* U+770B "看" */
    0x7f, 0xf8, 0x18, 0x7, 0xff, 0x83, 0x0, 0xc,
    0x3, 0xff, 0xf1, 0x80, 0xf, 0xfe, 0x78, 0x1b,
    0xff, 0xed, 0x81, 0x87, 0xfe, 0x18, 0x18, 0x7f,
    0xe0,

    /* U+77ED "短" */
    0x0, 0x0, 0xc3, 0xfd, 0xff, 0xfb, 0xf0, 0xd,
    0x8f, 0xcb, 0x10, 0xbf, 0xa1, 0x7f, 0x42, 0x18,
    0xfc, 0x30, 0x98, 0xf3, 0x31, 0xf6, 0x47, 0x45,
    0x8c, 0x7f, 0xd0, 0xff, 0x80,

    /* U+7840 "础" */
    0x0, 0x63, 0xf1, 0x83, 0x36, 0xd8, 0xdb, 0x63,
    0x6d, 0x8d, 0xb7, 0xff, 0xf3, 0x18, 0xcc, 0x63,
    0x3d, 0xbc, 0xf6, 0xd3, 0xdb, 0x7f, 0x6d, 0xff,
    0xf4, 0x3f, 0xc0,

    /* U+786C "硬" */
    0xff, 0xfe, 0x60, 0xc0, 0xcf, 0xf9, 0x9f, 0xf6,
    0x36, 0x6f, 0xff, 0xfb, 0xd9, 0xf7, 0xb3, 0xaf,
    0xfe, 0x58, 0xc0, 0xbf, 0x1, 0xee, 0x2, 0x3f,
    0xe0, 0x43, 0xc0,

    /* U+786E "确" */
    0x1, 0x1, 0xfb, 0x0, 0xc7, 0xe3, 0x19, 0xc6,
    0x7f, 0xec, 0xff, 0xdf, 0xd9, 0xff, 0xb3, 0xef,
    0xff, 0xde, 0xcd, 0xbf, 0xfb, 0x7f, 0xf7, 0xf6,
    0x6c, 0xcc, 0xc1, 0x3, 0x80,

    /* U+793A "示" */
    0x3f, 0xf8, 0x7f, 0xf0, 0x0, 0x0, 0x0, 0x7,
    0xff, 0xef, 0xff, 0xc0, 0x60, 0x8, 0xc8, 0x31,
    0x98, 0x63, 0x39, 0x86, 0x3f, 0xc, 0x70, 0xf8,
    0x1, 0xe0, 0x0,

    /* U+79BB "离" */
    0x3, 0x3, 0xff, 0xf0, 0x40, 0x9, 0xf6, 0x27,
    0xd8, 0xa1, 0x63, 0xff, 0x80, 0xc0, 0x7f, 0xf9,
    0x1b, 0x24, 0xdc, 0x97, 0xfa, 0x48, 0x9, 0x0,
    0xe0,

    /* U+79D2 "秒" */
    0x0, 0x30, 0x1e, 0x30, 0x7c, 0x30, 0x18, 0xbc,
    0x18, 0xb6, 0x7f, 0xb6, 0x7f, 0xb3, 0x39, 0xb2,
    0x3c, 0x34, 0x7e, 0x36, 0x78, 0xc, 0x58, 0x1c,
    0x18, 0x78, 0x1b, 0xe0, 0x19, 0x80,

    /* U+79FB "移" */
    0x1c, 0x70, 0x78, 0xfe, 0x1b, 0xce, 0x19, 0xfc,
    0x7e, 0x78, 0x7e, 0xf0, 0x39, 0xf0, 0x3c, 0x7f,
    0x7e, 0xe6, 0x79, 0xa6, 0x58, 0x3c, 0x18, 0x38,
    0x1b, 0xe0, 0x19, 0x80,

    /* U+7A0B "程" */
    0x1d, 0xfe, 0x79, 0x86, 0x19, 0x86, 0x19, 0x86,
    0x7f, 0xfe, 0x7f, 0xfe, 0x19, 0xfe, 0x3d, 0xfe,
    0x3e, 0x30, 0x7c, 0x30, 0xd9, 0xfe, 0x18, 0x30,
    0x1b, 0xff, 0x1b, 0xff,

    /* U+7A0D "稍" */
    0x0, 0x60, 0xfc, 0xcf, 0xed, 0xb1, 0x9b, 0x63,
    0x6, 0x1f, 0xff, 0xbf, 0xff, 0x39, 0x86, 0x7b,
    0xfc, 0xf6, 0x1b, 0xcc, 0x35, 0x9f, 0xe3, 0x30,
    0xc6, 0x67, 0x8c, 0xc7, 0x0,

    /* U+7A7F "穿" */
    0x2, 0x0, 0x18, 0xf, 0xff, 0xf2, 0x23, 0x39,
    0xf3, 0x80, 0xe7, 0xff, 0x9f, 0xfe, 0x60, 0xc1,
    0x83, 0x7, 0xff, 0xc1, 0xf0, 0x1c, 0xc3, 0xc3,
    0x8, 0x38, 0x0,

    /* U+7ACB "立" */
    0x3, 0x0, 0x7, 0x0, 0x6, 0x3, 0xff, 0xe7,
    0xff, 0xc0, 0x0, 0x6, 0xc, 0xc, 0x18, 0x1c,
    0x30, 0x18, 0xc0, 0x31, 0x80, 0x63, 0x0, 0x8c,
    0x1f, 0xff, 0xff, 0xff, 0x80,

    /* U+7AD6 "竖" */
    0xb, 0xf9, 0x24, 0x64, 0x99, 0x92, 0x3c, 0x48,
    0xe1, 0x27, 0xe4, 0xb9, 0xc0, 0xc0, 0x3, 0x1,
    0xff, 0xe1, 0x86, 0x6, 0x18, 0x18, 0x43, 0xff,
    0xf0,

    /* U+7B2C "第" */
    0x30, 0xc1, 0xff, 0xfd, 0x9b, 0x0, 0x44, 0x7f,
    0xf8, 0x8, 0x60, 0x21, 0x9f, 0xfe, 0x62, 0x1,
    0xff, 0xf0, 0xe1, 0xce, 0x86, 0xf2, 0x79, 0x8,
    0x0,

    /* U+7B49 "等" */
    0x18, 0x60, 0x7f, 0xfd, 0xb7, 0x62, 0x4c, 0x83,
    0xff, 0xc0, 0x30, 0x1f, 0xff, 0xbf, 0xff, 0x0,
    0x30, 0xff, 0xfc, 0x30, 0xc0, 0x71, 0x80, 0x6f,
    0x0, 0x1e, 0x0,

    /* U+7B54 "答" */
    0x30, 0xc0, 0xfd, 0xfb, 0xe6, 0xc6, 0x79, 0x80,
    0x70, 0x1, 0xf8, 0xf, 0x3c, 0x7f, 0xfe, 0xe0,
    0xc, 0x0, 0x0, 0xff, 0xc1, 0x81, 0x83, 0x3,
    0x7, 0xfe, 0x0,

    /* U+7B97 "算" */
    0x30, 0xc1, 0xff, 0xfd, 0xbb, 0xf, 0xfe, 0x30,
    0x18, 0xff, 0xe3, 0x1, 0x8f, 0xfe, 0x3f, 0xf8,
    0xff, 0xe0, 0xc6, 0x3f, 0xff, 0x38, 0x61, 0x81,
    0x80,

    /* U+7D27 "紧" */
    0xc, 0x0, 0xdf, 0xf9, 0xb3, 0x73, 0x67, 0xc6,
    0xc7, 0xd, 0xff, 0xc1, 0xd3, 0xe, 0x60, 0x3f,
    0xc0, 0x4e, 0x70, 0x78, 0x73, 0xff, 0xf0, 0x98,
    0x47, 0xb7, 0x18, 0xe3, 0x0,

    /* U+7EBF "线" */
    0x10, 0x68, 0x30, 0xd8, 0xc1, 0x81, 0x87, 0xf6,
    0xdf, 0x9f, 0x8c, 0x1e, 0x1f, 0x99, 0xfe, 0x7f,
    0x77, 0xf8, 0x7d, 0x0, 0xf0, 0xe3, 0xc7, 0x9f,
    0xac, 0x7b, 0xc0, 0x3, 0x80,

    /* U+7EC3 "练" */
    0x0, 0x40, 0x30, 0xc0, 0x33, 0xfe, 0x23, 0xfe,
    0x68, 0xc0, 0xdf, 0xf0, 0x7b, 0xf0, 0x31, 0xb0,
    0x3f, 0xfe, 0x7c, 0x30, 0x61, 0xbc, 0x19, 0x36,
    0x7f, 0x36, 0x76, 0x32, 0x2, 0xe0,

    /* U+7EC8 "终" */
    0x10, 0x0, 0x18, 0x60, 0x18, 0xfe, 0x35, 0xce,
    0x3f, 0xfc, 0x7c, 0x78, 0x78, 0x7c, 0x31, 0xef,
    0x7d, 0x87, 0x7c, 0x78, 0x40, 0x18, 0x6, 0xc0,
    0x7e, 0xf8, 0x70, 0x1e, 0x0, 0x4,

    /* U+7ED3 "结" */
    0x18, 0x30, 0x30, 0x60, 0xe7, 0xf9, 0xaf, 0xf6,
    0x63, 0x1f, 0x86, 0x1f, 0x7f, 0x8c, 0xff, 0x32,
    0x0, 0xff, 0xfd, 0x6, 0x18, 0x1c, 0x37, 0xf8,
    0x6f, 0x3f, 0xc0, 0x61, 0x80,

    /* U+7EE7 "继" */
    0x10, 0x18, 0x1b, 0x18, 0x33, 0x5b, 0x33, 0x5a,
    0x63, 0x7e, 0x6f, 0x18, 0x7b, 0xff, 0x1b, 0x18,
    0x33, 0x3c, 0x7f, 0x7e, 0xfb, 0xda, 0x3, 0x58,
    0x7f, 0x18, 0x63, 0xfe,

    /* U+7EED "续" */
    0x10, 0x30, 0x33, 0xf8, 0xc7, 0xf1, 0x81, 0x86,
    0xff, 0xf9, 0xff, 0xde, 0x21, 0xb8, 0x7a, 0x33,
    0x30, 0xfb, 0x61, 0x8f, 0xf8, 0x63, 0x47, 0x8f,
    0xcc, 0x78, 0xc0, 0xc0, 0x80,

    /* U+7F13 "缓" */
    0x20, 0x0, 0x6f, 0xf8, 0xc9, 0x33, 0x1a, 0x66,
    0xb7, 0x9b, 0xff, 0xbf, 0xff, 0x78, 0xc0, 0x67,
    0xfd, 0xf3, 0xfb, 0xe, 0x61, 0xde, 0xcf, 0x67,
    0x19, 0xff, 0xc0, 0x61, 0x0,

    /* U+7F29 "缩" */
    0x0, 0x0, 0x30, 0x60, 0xcf, 0xf9, 0xd8, 0x36,
    0xd8, 0xf, 0x3f, 0xde, 0x46, 0x19, 0x88, 0x63,
    0x7e, 0xfe, 0xcd, 0xd5, 0x98, 0xb, 0xf3, 0xd6,
    0x6c, 0x2f, 0xc0, 0x59, 0x80,

    /* U+7F6E "置" */
    0x7f, 0xfd, 0xb3, 0x77, 0xff, 0xdf, 0xff, 0xff,
    0xff, 0xff, 0xf3, 0xff, 0xf, 0xfc, 0x3f, 0xf0,
    0xff, 0xc3, 0x3, 0xf, 0xfc, 0x30, 0x33, 0xff,
    0xff, 0xff, 0xc0,

    /* U+80FD "能" */
    0x38, 0xc0, 0x6d, 0x91, 0xdb, 0xf7, 0xf7, 0x87,
    0xfc, 0x40, 0x18, 0xdf, 0xdf, 0x31, 0x80, 0x63,
    0xc0, 0xff, 0x99, 0x8f, 0xe3, 0xfe, 0x6, 0x3c,
    0x6c, 0x58, 0xdb, 0xbf, 0x0,

    /* U+81EA "自" */
    0xc, 0x0, 0xc0, 0xff, 0xff, 0xff, 0xc0, 0x7c,
    0x7, 0xff, 0xff, 0xff, 0xc0, 0x7f, 0xff, 0xff,
    0xfc, 0x7, 0xc0, 0x7f, 0xff, 0xff, 0xf0,

    /* U+81F3 "至" */
    0xff, 0xff, 0xff, 0xf1, 0xc4, 0x6, 0x1c, 0x30,
    0x39, 0xff, 0xf0, 0x30, 0x80, 0xc0, 0x7f, 0xf9,
    0xff, 0xe0, 0x30, 0x0, 0xc0, 0xff, 0xff, 0xff,
    0xf0,

    /* U+8282 "节" */
    0x18, 0x60, 0x61, 0x8f, 0xff, 0xff, 0xff, 0x18,
    0x60, 0x61, 0x87, 0xff, 0x9f, 0xfe, 0xc, 0x18,
    0x30, 0x60, 0xc1, 0x83, 0x3e, 0xc, 0x78, 0x30,
    0x0, 0xc0, 0x0,

    /* U+8303 "范" */
    0x18, 0x61, 0xff, 0xfb, 0xff, 0xf0, 0xc3, 0x0,
    0x0, 0xe, 0xff, 0xd, 0xfe, 0xb, 0xc, 0xe6,
    0x18, 0xcc, 0xf0, 0x79, 0xe1, 0xf0, 0x7, 0x60,
    0xfc, 0xff, 0x90, 0xff, 0x0,

    /* U+83DC "菜" */
    0xc, 0x61, 0xff, 0xfc, 0x31, 0x80, 0x0, 0x0,
    0x3, 0x8f, 0xff, 0x0, 0xc7, 0x19, 0x8c, 0x31,
    0x30, 0x2, 0x23, 0xff, 0xf8, 0x7f, 0x3, 0xd7,
    0x9e, 0x23, 0x90, 0x41, 0x0,

    /* U+884C "行" */
    0x8, 0x0, 0x33, 0xfc, 0xe7, 0xfb, 0x80, 0x4,
    0xc0, 0x3, 0xff, 0xce, 0xff, 0xbc, 0xc, 0x78,
    0x18, 0xb0, 0x30, 0x60, 0x60, 0xc0, 0xc1, 0x81,
    0x83, 0xf, 0x6, 0x1c, 0x0,

    /* U+8868 "表" */
    0x1, 0x80, 0x3f, 0xfe, 0x3f, 0xfe, 0x1, 0x80,
    0x3f, 0xfc, 0x1, 0x80, 0x1, 0x80, 0x7f, 0xfe,
    0x7, 0xc0, 0xe, 0xcc, 0x3c, 0x7c, 0x7c, 0x70,
    0xc, 0xb8, 0xf, 0xde, 0x1e, 0x6, 0x0, 0x0,

    /* U+8986 "覆" */
    0x7f, 0xfe, 0x6, 0x60, 0x3f, 0xfe, 0x36, 0x66,
    0x19, 0x98, 0x3b, 0xfe, 0x77, 0xfe, 0x7f, 0xfe,
    0x31, 0xfe, 0x71, 0xfe, 0xf1, 0xfe, 0x53, 0xfe,
    0x15, 0xfc, 0x17, 0xff,

    /* U+89C2 "观" */
    0x1, 0xfe, 0x7f, 0x86, 0x7f, 0x86, 0x5, 0xb6,
    0x6d, 0xb6, 0x7d, 0xb6, 0x3d, 0xb6, 0x19, 0xb6,
    0x18, 0x30, 0x1c, 0x78, 0x36, 0x78, 0x74, 0xdb,
    0x61, 0x9b, 0x43, 0x1e,

    /* U+89C6 "视" */
    0x0, 0x0, 0x67, 0xf8, 0xcc, 0x33, 0xd8, 0x60,
    0xb6, 0xc3, 0x6d, 0x86, 0xdb, 0x1d, 0xb6, 0x7b,
    0x6d, 0xf8, 0xc1, 0xc3, 0xc1, 0x87, 0xa3, 0x1b,
    0x66, 0x66, 0xcd, 0x8f, 0x0,

    /* U+89C8 "览" */
    0xc, 0xc1, 0xb3, 0x6, 0xdf, 0xdb, 0x6c, 0x6f,
    0xb1, 0xb4, 0x60, 0x0, 0xf, 0xfe, 0x30, 0x18,
    0xcc, 0x63, 0x31, 0x80, 0xe0, 0x7, 0x84, 0x76,
    0x37, 0xf, 0xc0,

    /* U+89C9 "觉" */
    0x2, 0x10, 0x76, 0x30, 0x6c, 0xc7, 0xff, 0xfe,
    0x0, 0xfc, 0x1, 0xcf, 0xfe, 0x1c, 0x1c, 0x3b,
    0x38, 0x76, 0x70, 0xec, 0xe0, 0x38, 0x0, 0xec,
    0x27, 0x98, 0x7c, 0x3f, 0x80,

    /* U+8BA1 "计" */
    0x20, 0x60, 0xe0, 0xc0, 0xe1, 0x80, 0x83, 0x0,
    0x6, 0x1e, 0xff, 0xfd, 0xff, 0x98, 0x30, 0x30,
    0x60, 0x60, 0xc0, 0xd1, 0x81, 0xe3, 0x3, 0x86,
    0xe, 0xc, 0x8, 0x18, 0x0,

    /* U+8BA4 "认" */
    0x0, 0xc1, 0x83, 0x3, 0xc, 0x0, 0x30, 0x0,
    0xc3, 0x83, 0xe, 0xc, 0x8, 0x30, 0x21, 0xe0,
    0x87, 0x82, 0x1e, 0xe, 0xec, 0x3b, 0x39, 0xd8,
    0x70, 0x60, 0x80,

    /* U+8BA9 "让" */
    0x20, 0xc0, 0xe1, 0x80, 0xe3, 0x0, 0x86, 0x0,
    0xc, 0x1e, 0x1f, 0x3c, 0x3e, 0x18, 0x60, 0x30,
    0xc0, 0x61, 0x80, 0xd3, 0x1, 0xe6, 0x3, 0x8c,
    0xe, 0xff, 0xd9, 0xff, 0x80,

    /* U+8BAD "训" */
    0x63, 0x6, 0xe6, 0xcc, 0x6d, 0x98, 0x1b, 0x3f,
    0x36, 0x7e, 0x6c, 0xcc, 0xd9, 0x99, 0xb3, 0x33,
    0x66, 0x66, 0xcc, 0xed, 0x99, 0xfb, 0x37, 0x60,
    0x64, 0xc0, 0xc0,

    /* U+8BB0 "记" */
    0x0, 0x0, 0xc7, 0xf8, 0xcf, 0xf1, 0x80, 0x60,
    0x0, 0xdc, 0x1, 0xb8, 0x3, 0x71, 0xfe, 0x23,
    0xfc, 0x46, 0x18, 0x8c, 0x1, 0x58, 0x23, 0xf0,
    0x6e, 0x7f, 0xc8, 0x7f, 0x0,

    /* U+8BBE "设" */
    0x60, 0xf8, 0x71, 0xf0, 0x66, 0x60, 0xc, 0xcf,
    0x71, 0xfe, 0x40, 0xc, 0xff, 0x19, 0xfe, 0x31,
    0x9c, 0x6b, 0x30, 0xf3, 0xc1, 0xc7, 0x87, 0x7f,
    0xe4, 0xe1, 0xc0,

    /* U+8BC1 "证" */
    0x63, 0xfe, 0x67, 0xfc, 0x40, 0xc0, 0x1, 0x8f,
    0x3, 0x1e, 0x66, 0xc, 0xcf, 0x99, 0x9f, 0x33,
    0x30, 0x66, 0x60, 0xfc, 0xc1, 0xd9, 0x87, 0x7f,
    0xe4, 0xff, 0xc0,

    /* U+8BC4 "评" */
    0x67, 0xfe, 0x6f, 0xfc, 0x41, 0x80, 0x13, 0x2f,
    0x36, 0xde, 0x6d, 0x8c, 0x18, 0x1b, 0xff, 0x37,
    0xfe, 0x60, 0xc0, 0xe1, 0x81, 0xc3, 0x7, 0x6,
    0x0, 0xc, 0x0,

    /* U+8BD5 "试" */
    0x20, 0x38, 0xe0, 0x78, 0xc0, 0xd0, 0xbf, 0xe0,
    0x7f, 0xde, 0x6, 0x3c, 0xc, 0x19, 0xf8, 0x33,
    0xd0, 0x63, 0x20, 0xc6, 0x41, 0x8c, 0xa3, 0xdf,
    0xef, 0x7b, 0x88, 0x3, 0x0,

    /* U+8BF4 "说" */
    0x63, 0x18, 0xc6, 0x30, 0xc6, 0xc0, 0x3f, 0xef,
    0x60, 0xde, 0xc1, 0x8d, 0xff, 0x1b, 0xfe, 0x31,
    0xb0, 0x73, 0x60, 0xfc, 0xd3, 0x99, 0xb6, 0xe3,
    0xe0, 0x87, 0x80,

    /* U+8BF7 "请" */
    0x0, 0x60, 0xc0, 0xc1, 0xdf, 0xf1, 0x83, 0x0,
    0x7f, 0xe0, 0xc, 0x3d, 0xff, 0x78, 0x0, 0x33,
    0xfe, 0x66, 0x1c, 0xcf, 0xf9, 0xd8, 0x73, 0xbf,
    0xee, 0x61, 0xc8, 0xcf, 0x0,

    /* U+8BFB "读" */
    0x0, 0xc0, 0xc1, 0x80, 0xdf, 0xe0, 0x86, 0x0,
    0x7f, 0xfc, 0xff, 0xb8, 0x83, 0x13, 0xf4, 0x26,
    0x60, 0x46, 0xc0, 0x9f, 0xf9, 0x46, 0x83, 0x1b,
    0x8c, 0xe1, 0xc9, 0x81, 0x80,

    /* U+8C03 "调" */
    0x67, 0xfe, 0x6c, 0xc, 0x59, 0x98, 0x37, 0xbf,
    0x66, 0x7e, 0xff, 0xcd, 0x81, 0x9b, 0x3, 0x37,
    0xf6, 0x6f, 0x2c, 0xfe, 0x59, 0xef, 0xb7, 0xd8,
    0x65, 0x3, 0x80,

    /* U+8D25 "败" */
    0x0, 0x20, 0xfe, 0x61, 0x8c, 0x83, 0x1b, 0xf6,
    0xb7, 0xed, 0x68, 0x9a, 0xf1, 0x35, 0xf6, 0x6b,
    0x6c, 0xd6, 0x70, 0x60, 0xe0, 0xf1, 0xc3, 0x37,
    0xdc, 0x6c, 0xd0, 0x0, 0x0,

    /* U+8D77 "起" */
    0xc, 0x0, 0xc, 0xfe, 0x7f, 0x6, 0xc, 0x6,
    0xc, 0x6, 0x7f, 0xfe, 0x7f, 0xfe, 0xc, 0xc0,
    0x6c, 0xc0, 0x6f, 0xc3, 0x6c, 0xe7, 0x7c, 0xfe,
    0x7c, 0x0, 0x7f, 0xff, 0xc7, 0xfe, 0x0, 0x0,

    /* U+8D85 "超" */
    0xc, 0x0, 0xc, 0xfe, 0x7f, 0x76, 0xc, 0x66,
    0xc, 0x66, 0x7f, 0xde, 0x7f, 0x8c, 0xc, 0xfe,
    0x6c, 0xfe, 0x6f, 0xc6, 0x6c, 0xfe, 0x7c, 0xfe,
    0x7c, 0x0, 0x7f, 0xff, 0xc7, 0xfe,

    /* U+8D8A "越" */
    0x18, 0x1c, 0x18, 0x1e, 0x7e, 0x1a, 0x7e, 0xfe,
    0x18, 0xfe, 0x7f, 0xda, 0x7f, 0xde, 0x18, 0xde,
    0x78, 0xcc, 0x7e, 0xee, 0x79, 0xde, 0x78, 0x7e,
    0x78, 0x20, 0xdf, 0xfe, 0x47, 0xfe,

    /* U+8DDF "跟" */
    0x7d, 0xfe, 0x65, 0x86, 0x65, 0x86, 0x65, 0xfe,
    0x7d, 0x86, 0x19, 0xfe, 0x79, 0xfe, 0x7d, 0xb2,
    0x79, 0x97, 0x79, 0x9e, 0x7d, 0x9c, 0x7f, 0xee,
    0xfb, 0xe7, 0x1, 0x82,

    /* U+8DF3 "跳" */
    0x0, 0xd8, 0x7c, 0xd8, 0x4e, 0xde, 0x4f, 0xde,
    0x4f, 0xde, 0x7d, 0xdc, 0x30, 0xd8, 0x70, 0xdc,
    0x7f, 0xde, 0x77, 0xdf, 0x72, 0xda, 0x7d, 0x98,
    0x7d, 0x9b, 0xf3, 0x1a, 0x7, 0x1e,

    /* U+8F66 "车" */
    0xe, 0x0, 0x30, 0xf, 0xff, 0xff, 0xff, 0x39,
    0x80, 0xc6, 0x7, 0xff, 0x9f, 0xfe, 0x1, 0x80,
    0x6, 0xf, 0xff, 0xff, 0xff, 0x1, 0x80, 0x6,
    0x0,

    /* U+8F6E "轮" */
    0x30, 0x30, 0x30, 0x70, 0xfc, 0x78, 0xfc, 0xf8,
    0x60, 0xcc, 0x79, 0x86, 0x5b, 0x3, 0xfc, 0xdc,
    0x18, 0xf8, 0x18, 0xf0, 0x1e, 0xe0, 0xfe, 0xc4,
    0xf8, 0xc6, 0x18, 0xc6, 0x18, 0xfc,

    /* U+8F7B "轻" */
    0x30, 0x0, 0x63, 0xff, 0xf0, 0x37, 0xe0, 0xe6,
    0x3, 0x8f, 0xf, 0x16, 0x7f, 0xfe, 0xe7, 0x99,
    0x0, 0x33, 0xfc, 0x67, 0xff, 0xe1, 0x8d, 0x83,
    0x3, 0x7f, 0xc6, 0xff, 0x80,

    /* U+8F7D "载" */
    0x18, 0xc0, 0x31, 0xb1, 0xff, 0x30, 0xc6, 0x4f,
    0xff, 0xdf, 0xff, 0x8c, 0x10, 0x7f, 0xa6, 0x60,
    0x78, 0xd8, 0xf3, 0xfd, 0xc0, 0x63, 0xaf, 0xf7,
    0x7d, 0x9f, 0x83, 0x67, 0x0,

    /* U+8F93 "输" */
    0x30, 0x30, 0x30, 0x70, 0xfc, 0xd8, 0xff, 0x8e,
    0x7b, 0xff, 0x78, 0x0, 0x5b, 0xe2, 0xff, 0xea,
    0x7f, 0x2a, 0x1b, 0xea, 0x1f, 0x2a, 0xff, 0xea,
    0x7b, 0xea, 0x1b, 0x22, 0x1b, 0x6e,

    /* U+8FC7 "过" */
    0x0, 0x19, 0xc0, 0x31, 0xc0, 0x61, 0xbf, 0xf0,
    0x7f, 0xe0, 0x3, 0x3c, 0xc6, 0x79, 0xcc, 0x31,
    0x98, 0x60, 0x30, 0xc3, 0xe1, 0x87, 0xc7, 0x80,
    0x1f, 0xff, 0xd1, 0xff, 0x80,

    /* U+8FD4 "返" */
    0x0, 0xc, 0x73, 0xfe, 0x33, 0x0, 0x3, 0xfe,
    0x3, 0xfc, 0xf3, 0x1c, 0xf3, 0xdc, 0x33, 0x78,
    0x37, 0x38, 0x36, 0xfc, 0x3f, 0xee, 0x3c, 0x84,
    0xff, 0xfe, 0xc7, 0xfe,

    /* U+8FDB "进" */
    0x61, 0x98, 0x71, 0x98, 0x37, 0xfe, 0x7, 0xfe,
    0x1, 0x98, 0xf1, 0x98, 0xf7, 0xfe, 0x37, 0xfe,
    0x31, 0x98, 0x33, 0x18, 0x37, 0x18, 0x3a, 0x18,
    0xff, 0xfe, 0xc7, 0xfe,

    /* U+9000 "退" */
    0x43, 0xf8, 0xc6, 0x30, 0xcc, 0x61, 0x1f, 0xc0,
    0x31, 0x9e, 0x7f, 0x3c, 0xc2, 0x19, 0xfe, 0x33,
    0x30, 0x67, 0xb0, 0xdf, 0x31, 0x90, 0x4f, 0xc0,
    0x18, 0xff, 0x80,

    /* U+9009 "选" */
    0x0, 0x60, 0xe3, 0x60, 0x63, 0x60, 0x37, 0xfc,
    0x6, 0x60, 0x7, 0xfe, 0xf7, 0xfe, 0xf1, 0xb0,
    0x31, 0xb0, 0x33, 0xb2, 0x37, 0x37, 0x37, 0x3e,
    0x3c, 0x1e, 0x7f, 0xfe, 0xc7, 0xfe,

    /* U+901A "通" */
    0x47, 0xfe, 0x61, 0x9c, 0x31, 0xf0, 0x7, 0xfe,
    0x7, 0xfe, 0x6, 0x6e, 0xf7, 0xfe, 0x36, 0x6e,
    0x37, 0xfe, 0x36, 0x6e, 0x36, 0x6e, 0x30, 0x1c,
    0x7c, 0x0, 0xc7, 0xfe,

    /* U+90E8 "部" */
    0x8, 0x0, 0x18, 0x78, 0x0, 0x9b, 0xfd, 0x33,
    0x32, 0xc6, 0x65, 0x84, 0x8b, 0x7f, 0xd6, 0x0,
    0x2c, 0x0, 0x4d, 0xfe, 0x9b, 0xd, 0xf6, 0x1a,
    0xcf, 0xf4, 0x18, 0x68, 0x0,

    /* U+90FD "都" */
    0x18, 0x0, 0x33, 0xfd, 0xff, 0xf8, 0xdb, 0x31,
    0xf6, 0xcf, 0xfd, 0x9f, 0xfa, 0xe, 0x36, 0x7f,
    0x67, 0xe6, 0xcd, 0xcd, 0x99, 0xfb, 0x33, 0x37,
    0xc7, 0xec, 0xc, 0xd8, 0x0,

    /* U+914D "配" */
    0xfe, 0xfd, 0xfd, 0xf8, 0xe0, 0x37, 0xf0, 0x6f,
    0xe0, 0xdb, 0x41, 0xba, 0xbf, 0x77, 0x66, 0xe2,
    0xc1, 0x85, 0x83, 0xfb, 0x6, 0x16, 0x3f, 0xef,
    0xd8, 0x4f, 0x80,

    /* U+91CD "重" */
    0x7f, 0xf1, 0xff, 0x80, 0x30, 0x3f, 0xff, 0x7f,
    0xf1, 0x8c, 0xc7, 0xff, 0x18, 0xcc, 0x7f, 0xf0,
    0xc, 0x7, 0xff, 0x80, 0xc0, 0xff, 0xff, 0xff,
    0xf0,

    /* U+91CF "量" */
    0x3f, 0xf0, 0x60, 0x60, 0xff, 0xc1, 0xff, 0x8f,
    0xff, 0xe0, 0x0, 0x1f, 0xfe, 0x31, 0x8c, 0x7f,
    0xf8, 0xff, 0xf0, 0xc, 0x3, 0xff, 0xc0, 0x30,
    0x1f, 0xff, 0xc0,

    /* U+952E "键" */
    0x30, 0x10, 0x67, 0x21, 0xe6, 0xf7, 0xf, 0xfc,
    0x17, 0xef, 0x62, 0x8d, 0xff, 0x18, 0x48, 0xfa,
    0xfd, 0xf7, 0x20, 0xcf, 0xf9, 0xe8, 0x83, 0xb8,
    0x6, 0x78, 0x19, 0x9f, 0x80,

    /* U+957F "长" */
    0x18, 0x10, 0x30, 0x70, 0x63, 0xc0, 0xdf, 0x1,
    0x98, 0x3, 0x0, 0x3f, 0xff, 0xff, 0xff, 0x19,
    0x80, 0x31, 0x80, 0x63, 0x80, 0xc3, 0x81, 0xfb,
    0xc7, 0xe3, 0xc4, 0x1, 0x0,

    /* U+95ED "闭" */
    0x40, 0x1, 0xbf, 0xf7, 0xff, 0xc8, 0x3, 0xc0,
    0xcf, 0x3, 0x3d, 0xff, 0xf7, 0xff, 0xc3, 0xcf,
    0x1f, 0x3d, 0xec, 0xf6, 0x33, 0xc7, 0xcf, 0xe,
    0x3c, 0x1, 0x80,

    /* U+95F4 "间" */
    0x40, 0x3, 0xbf, 0xf6, 0xff, 0xc0, 0x3, 0xc0,
    0xf, 0x7f, 0x3d, 0x8c, 0xf6, 0x33, 0xdf, 0xcf,
    0x63, 0x3d, 0x8c, 0xf7, 0xf3, 0xc0, 0xf, 0x0,
    0x3c, 0x1, 0x80,

    /* U+961F "队" */
    0x0, 0xc3, 0xf3, 0xc, 0xcc, 0x36, 0x30, 0xd8,
    0xc3, 0x63, 0xd, 0x8c, 0x33, 0x30, 0xcd, 0xe3,
    0x37, 0x8d, 0xde, 0x36, 0xec, 0xc3, 0x3b, 0x18,
    0x7c, 0x40, 0x80,

    /* U+9664 "除" */
    0x0, 0x61, 0xf0, 0xc3, 0x63, 0xc6, 0xcc, 0xcd,
    0x71, 0xfe, 0xc0, 0xbc, 0xfe, 0x6c, 0x30, 0xdf,
    0xff, 0xbf, 0xff, 0xed, 0xa6, 0x1b, 0x6c, 0x66,
    0x59, 0x8c, 0xf0, 0x78, 0x0,

    /* U+968F "随" */
    0x0, 0x61, 0xe0, 0xc3, 0x77, 0xfe, 0xe6, 0xf,
    0x6c, 0x1e, 0x3f, 0xbf, 0xf3, 0x7f, 0x7e, 0xd6,
    0xcd, 0xad, 0xfb, 0x5b, 0x37, 0xb6, 0x6e, 0x6d,
    0xd8, 0xf0, 0x32, 0x7f, 0x80,

    /* U+96BE "难" */
    0x0, 0x78, 0x7e, 0xd8, 0x7e, 0xfe, 0x6, 0xfe,
    0x6f, 0xd8, 0x7f, 0xd8, 0x3d, 0xfe, 0x1c, 0xd8,
    0x1c, 0xd8, 0x1e, 0xfe, 0x36, 0xd8, 0x72, 0xd8,
    0x60, 0xff, 0x0, 0xff,

    /* U+9759 "静" */
    0x18, 0x60, 0x18, 0x60, 0x7f, 0xfc, 0x7f, 0xd8,
    0x18, 0xfe, 0xff, 0xfe, 0xff, 0x36, 0x0, 0x36,
    0x7e, 0xff, 0x66, 0x36, 0x7e, 0xfe, 0x66, 0xfe,
    0x7e, 0x30, 0x66, 0xf0, 0x6e, 0x70,

    /* U+9762 "面" */
    0xff, 0xff, 0xff, 0xf0, 0x70, 0x1, 0x80, 0xff,
    0xfb, 0xff, 0xed, 0x8d, 0xb7, 0xf6, 0xd8, 0xdb,
    0x7f, 0x6d, 0x8d, 0xb6, 0x36, 0xff, 0xfb, 0xff,
    0xe0,

    /* U+97F3 "音" */
    0x3, 0x1, 0xff, 0xe1, 0x87, 0x6, 0x18, 0xff,
    0xff, 0xff, 0xf0, 0x0, 0xf, 0xfc, 0x30, 0x30,
    0xc0, 0xc3, 0xff, 0xc, 0xc, 0x30, 0x30, 0xff,
    0xc0,

    /* U+9875 "页" */
    0xff, 0xff, 0xff, 0xf0, 0x60, 0x1f, 0xfe, 0x7f,
    0xf9, 0x80, 0x66, 0x31, 0x98, 0xc6, 0x63, 0x19,
    0x8c, 0x66, 0x7d, 0x83, 0xbc, 0x7c, 0x3f, 0xc0,
    0x30,

    /* U+9879 "项" */
    0x3, 0xff, 0xf8, 0xc3, 0xf1, 0x81, 0x9f, 0xe3,
    0x30, 0xc6, 0x6d, 0x8c, 0xdb, 0x19, 0xb6, 0x3f,
    0x6d, 0xf6, 0xdb, 0x3, 0xe0, 0xe, 0xe0, 0x78,
    0x60, 0xc0, 0x0,

    /* U+987A "顺" */
    0x66, 0xff, 0x6e, 0x18, 0x6e, 0xff, 0x6e, 0xff,
    0x6e, 0xc3, 0x6e, 0xdb, 0x6e, 0xdb, 0x6e, 0xdb,
    0x6e, 0xdb, 0x6e, 0xdb, 0x6e, 0xfb, 0x6e, 0x3c,
    0xe6, 0xf6, 0xc7, 0xc3, 0x0, 0x0,

    /* U+9884 "预" */
    0xff, 0xfe, 0x18, 0x41, 0x60, 0x87, 0x8f, 0xe3,
    0x98, 0xdf, 0xf5, 0xbf, 0x6b, 0x1a, 0xd6, 0x3d,
    0xac, 0x63, 0xd8, 0xc1, 0x81, 0x86, 0xcf, 0x38,
    0xfc, 0x60, 0x80,

    /* U+9A8C "验" */
    0x0, 0x21, 0xf8, 0x60, 0x31, 0xc0, 0x66, 0xc6,
    0xd8, 0xcd, 0xf0, 0xdb, 0xbe, 0xb6, 0x0, 0x7e,
    0x30, 0xfd, 0x6c, 0x1a, 0xd3, 0xb6, 0xec, 0x60,
    0xc0, 0xbf, 0xc7, 0x0, 0x0,

    /* U+9AD8 "高" */
    0x3, 0x0, 0xc, 0xf, 0xff, 0xc0, 0x0, 0x3f,
    0xf0, 0xc0, 0xc3, 0xff, 0x0, 0x0, 0xff, 0xff,
    0x0, 0x3c, 0x0, 0xf7, 0xf3, 0xdf, 0xcf, 0x7f,
    0xfc, 0x3, 0x80,

    /* U+FF01 "！" */
    0xff, 0xff, 0xfb, 0x1f, 0xf0,

    /* U+FF08 "（" */
    0x11, 0x9c, 0xc6, 0x63, 0x18, 0xc6, 0x30, 0xc6,
    0x18, 0xc2,

    /* U+FF09 "）" */
    0x43, 0x18, 0x63, 0xc, 0x63, 0x18, 0xc6, 0x63,
    0x31, 0x88,

    /* U+FF0C "，" */
    0x6f, 0x73, 0x6c,

    /* U+FF1A "：" */
    0xff, 0x80, 0x0, 0xff, 0x80,

    /* U+FF1B "；" */
    0xff, 0x80, 0x7, 0xfc, 0xbc, 0x0,

    /* U+FF1F "？" */
    0x3d, 0xfd, 0x18, 0x30, 0xe3, 0x86, 0x1c, 0x0,
    0x70, 0xe1, 0xc0
};


/*---------------------
 *  GLYPH DESCRIPTION
 *--------------------*/

static const lv_font_fmt_txt_glyph_dsc_t glyph_dsc[] = {
    {.bitmap_index = 0, .adv_w = 0, .box_w = 0, .box_h = 0, .ofs_x = 0, .ofs_y = 0} /* id = 0 reserved */,
    {.bitmap_index = 0, .adv_w = 58, .box_w = 1, .box_h = 1, .ofs_x = 0, .ofs_y = 0},
    {.bitmap_index = 1, .adv_w = 95, .box_w = 3, .box_h = 12, .ofs_x = 1, .ofs_y = 0},
    {.bitmap_index = 6, .adv_w = 147, .box_w = 6, .box_h = 5, .ofs_x = 1, .ofs_y = 8},
    {.bitmap_index = 10, .adv_w = 151, .box_w = 8, .box_h = 12, .ofs_x = 1, .ofs_y = 0},
    {.bitmap_index = 22, .adv_w = 151, .box_w = 7, .box_h = 16, .ofs_x = 1, .ofs_y = -2},
    {.bitmap_index = 36, .adv_w = 247, .box_w = 15, .box_h = 12, .ofs_x = 1, .ofs_y = 0},
    {.bitmap_index = 59, .adv_w = 189, .box_w = 11, .box_h = 12, .ofs_x = 1, .ofs_y = 0},
    {.bitmap_index = 76, .adv_w = 83, .box_w = 2, .box_h = 5, .ofs_x = 1, .ofs_y = 8},
    {.bitmap_index = 78, .adv_w = 97, .box_w = 4, .box_h = 16, .ofs_x = 1, .ofs_y = -3},
    {.bitmap_index = 86, .adv_w = 97, .box_w = 4, .box_h = 16, .ofs_x = 1, .ofs_y = -3},
    {.bitmap_index = 94, .adv_w = 130, .box_w = 6, .box_h = 6, .ofs_x = 1, .ofs_y = 7},
    {.bitmap_index = 99, .adv_w = 151, .box_w = 8, .box_h = 8, .ofs_x = 1, .ofs_y = 2},
    {.bitmap_index = 107, .adv_w = 83, .box_w = 4, .box_h = 5, .ofs_x = 1, .ofs_y = -3},
    {.bitmap_index = 110, .adv_w = 95, .box_w = 4, .box_h = 2, .ofs_x = 1, .ofs_y = 4},
    {.bitmap_index = 111, .adv_w = 83, .box_w = 3, .box_h = 3, .ofs_x = 1, .ofs_y = 0},
    {.bitmap_index = 113, .adv_w = 99, .box_w = 6, .box_h = 16, .ofs_x = 0, .ofs_y = -3},
    {.bitmap_index = 125, .adv_w = 151, .box_w = 8, .box_h = 12, .ofs_x = 1, .ofs_y = 0},
    {.bitmap_index = 137, .adv_w = 151, .box_w = 7, .box_h = 12, .ofs_x = 1, .ofs_y = 0},
    {.bitmap_index = 148, .adv_w = 151, .box_w = 8, .box_h = 12, .ofs_x = 1, .ofs_y = 0},
    {.bitmap_index = 160, .adv_w = 151, .box_w = 9, .box_h = 12, .ofs_x = 0, .ofs_y = 0},
    {.bitmap_index = 174, .adv_w = 151, .box_w = 9, .box_h = 12, .ofs_x = 1, .ofs_y = 0},
    {.bitmap_index = 188, .adv_w = 151, .box_w = 8, .box_h = 12, .ofs_x = 1, .ofs_y = 0},
    {.bitmap_index = 200, .adv_w = 151, .box_w = 8, .box_h = 12, .ofs_x = 1, .ofs_y = 0},
    {.bitmap_index = 212, .adv_w = 151, .box_w = 8, .box_h = 12, .ofs_x = 1, .ofs_y = 0},
    {.bitmap_index = 224, .adv_w = 151, .box_w = 7, .box_h = 12, .ofs_x = 1, .ofs_y = 0},
    {.bitmap_index = 235, .adv_w = 151, .box_w = 8, .box_h = 12, .ofs_x = 1, .ofs_y = 0},
    {.bitmap_index = 247, .adv_w = 83, .box_w = 3, .box_h = 9, .ofs_x = 1, .ofs_y = 0},
    {.bitmap_index = 251, .adv_w = 83, .box_w = 3, .box_h = 12, .ofs_x = 1, .ofs_y = -3},
    {.bitmap_index = 256, .adv_w = 151, .box_w = 8, .box_h = 8, .ofs_x = 1, .ofs_y = 2},
    {.bitmap_index = 264, .adv_w = 151, .box_w = 8, .box_h = 6, .ofs_x = 1, .ofs_y = 3},
    {.bitmap_index = 270, .adv_w = 151, .box_w = 8, .box_h = 8, .ofs_x = 1, .ofs_y = 2},
    {.bitmap_index = 278, .adv_w = 132, .box_w = 7, .box_h = 12, .ofs_x = 0, .ofs_y = 0},
    {.bitmap_index = 289, .adv_w = 258, .box_w = 15, .box_h = 16, .ofs_x = 1, .ofs_y = -4},
    {.bitmap_index = 319, .adv_w = 164, .box_w = 10, .box_h = 12, .ofs_x = 0, .ofs_y = 0},
    {.bitmap_index = 334, .adv_w = 174, .box_w = 9, .box_h = 12, .ofs_x = 1, .ofs_y = 0},
    {.bitmap_index = 348, .adv_w = 168, .box_w = 9, .box_h = 12, .ofs_x = 1, .ofs_y = 0},
    {.bitmap_index = 362, .adv_w = 183, .box_w = 9, .box_h = 12, .ofs_x = 1, .ofs_y = 0},
    {.bitmap_index = 376, .adv_w = 157, .box_w = 8, .box_h = 12, .ofs_x = 1, .ofs_y = 0},
    {.bitmap_index = 388, .adv_w = 150, .box_w = 8, .box_h = 12, .ofs_x = 1, .ofs_y = 0},
    {.bitmap_index = 400, .adv_w = 184, .box_w = 9, .box_h = 12, .ofs_x = 1, .ofs_y = 0},
    {.bitmap_index = 414, .adv_w = 194, .box_w = 9, .box_h = 12, .ofs_x = 1, .ofs_y = 0},
    {.bitmap_index = 428, .adv_w = 84, .box_w = 2, .box_h = 12, .ofs_x = 1, .ofs_y = 0},
    {.bitmap_index = 431, .adv_w = 145, .box_w = 7, .box_h = 12, .ofs_x = 0, .ofs_y = 0},
    {.bitmap_index = 442, .adv_w = 176, .box_w = 9, .box_h = 12, .ofs_x = 1, .ofs_y = 0},
    {.bitmap_index = 456, .adv_w = 148, .box_w = 7, .box_h = 12, .ofs_x = 1, .ofs_y = 0},
    {.bitmap_index = 467, .adv_w = 218, .box_w = 11, .box_h = 12, .ofs_x = 1, .ofs_y = 0},
    {.bitmap_index = 484, .adv_w = 192, .box_w = 9, .box_h = 12, .ofs_x = 1, .ofs_y = 0},
    {.bitmap_index = 498, .adv_w = 197, .box_w = 10, .box_h = 12, .ofs_x = 1, .ofs_y = 0},
    {.bitmap_index = 513, .adv_w = 171, .box_w = 8, .box_h = 12, .ofs_x = 1, .ofs_y = 0},
    {.bitmap_index = 525, .adv_w = 197, .box_w = 11, .box_h = 15, .ofs_x = 1, .ofs_y = -3},
    {.bitmap_index = 546, .adv_w = 175, .box_w = 9, .box_h = 12, .ofs_x = 1, .ofs_y = 0},
    {.bitmap_index = 560, .adv_w = 160, .box_w = 8, .box_h = 12, .ofs_x = 1, .ofs_y = 0},
    {.bitmap_index = 572, .adv_w = 160, .box_w = 9, .box_h = 12, .ofs_x = 1, .ofs_y = 0},
    {.bitmap_index = 586, .adv_w = 191, .box_w = 9, .box_h = 12, .ofs_x = 1, .ofs_y = 0},
    {.bitmap_index = 600, .adv_w = 158, .box_w = 10, .box_h = 12, .ofs_x = 0, .ofs_y = 0},
    {.bitmap_index = 615, .adv_w = 234, .box_w = 14, .box_h = 12, .ofs_x = 0, .ofs_y = 0},
    {.bitmap_index = 636, .adv_w = 161, .box_w = 10, .box_h = 12, .ofs_x = 0, .ofs_y = 0},
    {.bitmap_index = 651, .adv_w = 148, .box_w = 10, .box_h = 12, .ofs_x = -1, .ofs_y = 0},
    {.bitmap_index = 666, .adv_w = 157, .box_w = 8, .box_h = 12, .ofs_x = 1, .ofs_y = 0},
    {.bitmap_index = 678, .adv_w = 97, .box_w = 4, .box_h = 15, .ofs_x = 2, .ofs_y = -2},
    {.bitmap_index = 686, .adv_w = 99, .box_w = 6, .box_h = 16, .ofs_x = 0, .ofs_y = -3},
    {.bitmap_index = 698, .adv_w = 97, .box_w = 4, .box_h = 15, .ofs_x = 1, .ofs_y = -2},
    {.bitmap_index = 706, .adv_w = 151, .box_w = 7, .box_h = 7, .ofs_x = 1, .ofs_y = 5},
    {.bitmap_index = 713, .adv_w = 145, .box_w = 9, .box_h = 2, .ofs_x = 1, .ofs_y = -2},
    {.bitmap_index = 716, .adv_w = 160, .box_w = 4, .box_h = 4, .ofs_x = 2, .ofs_y = 10},
    {.bitmap_index = 718, .adv_w = 151, .box_w = 7, .box_h = 9, .ofs_x = 1, .ofs_y = 0},
    {.bitmap_index = 726, .adv_w = 165, .box_w = 8, .box_h = 13, .ofs_x = 1, .ofs_y = 0},
    {.bitmap_index = 739, .adv_w = 135, .box_w = 7, .box_h = 9, .ofs_x = 1, .ofs_y = 0},
    {.bitmap_index = 747, .adv_w = 165, .box_w = 8, .box_h = 13, .ofs_x = 1, .ofs_y = 0},
    {.bitmap_index = 760, .adv_w = 149, .box_w = 8, .box_h = 9, .ofs_x = 1, .ofs_y = 0},
    {.bitmap_index = 769, .adv_w = 95, .box_w = 6, .box_h = 13, .ofs_x = 1, .ofs_y = 0},
    {.bitmap_index = 779, .adv_w = 153, .box_w = 8, .box_h = 12, .ofs_x = 1, .ofs_y = -3},
    {.bitmap_index = 791, .adv_w = 164, .box_w = 8, .box_h = 13, .ofs_x = 1, .ofs_y = 0},
    {.bitmap_index = 804, .adv_w = 78, .box_w = 2, .box_h = 13, .ofs_x = 1, .ofs_y = 0},
    {.bitmap_index = 808, .adv_w = 78, .box_w = 4, .box_h = 16, .ofs_x = -1, .ofs_y = -3},
    {.bitmap_index = 816, .adv_w = 155, .box_w = 8, .box_h = 13, .ofs_x = 1, .ofs_y = 0},
    {.bitmap_index = 829, .adv_w = 81, .box_w = 3, .box_h = 13, .ofs_x = 1, .ofs_y = 0},
    {.bitmap_index = 834, .adv_w = 247, .box_w = 12, .box_h = 9, .ofs_x = 1, .ofs_y = 0},
    {.bitmap_index = 848, .adv_w = 164, .box_w = 8, .box_h = 9, .ofs_x = 1, .ofs_y = 0},
    {.bitmap_index = 857, .adv_w = 160, .box_w = 8, .box_h = 9, .ofs_x = 1, .ofs_y = 0},
    {.bitmap_index = 866, .adv_w = 165, .box_w = 8, .box_h = 12, .ofs_x = 1, .ofs_y = -3},
    {.bitmap_index = 878, .adv_w = 165, .box_w = 8, .box_h = 12, .ofs_x = 1, .ofs_y = -3},
    {.bitmap_index = 890, .adv_w = 112, .box_w = 5, .box_h = 9, .ofs_x = 1, .ofs_y = 0},
    {.bitmap_index = 896, .adv_w = 127, .box_w = 6, .box_h = 9, .ofs_x = 1, .ofs_y = 0},
    {.bitmap_index = 903, .adv_w = 108, .box_w = 6, .box_h = 12, .ofs_x = 1, .ofs_y = 0},
    {.bitmap_index = 912, .adv_w = 163, .box_w = 8, .box_h = 9, .ofs_x = 1, .ofs_y = 0},
    {.bitmap_index = 921, .adv_w = 147, .box_w = 9, .box_h = 9, .ofs_x = 0, .ofs_y = 0},
    {.bitmap_index = 932, .adv_w = 221, .box_w = 13, .box_h = 9, .ofs_x = 0, .ofs_y = 0},
    {.bitmap_index = 947, .adv_w = 144, .box_w = 9, .box_h = 9, .ofs_x = 0, .ofs_y = 0},
    {.bitmap_index = 958, .adv_w = 147, .box_w = 9, .box_h = 12, .ofs_x = 0, .ofs_y = -3},
    {.bitmap_index = 972, .adv_w = 131, .box_w = 7, .box_h = 9, .ofs_x = 1, .ofs_y = 0},
    {.bitmap_index = 980, .adv_w = 97, .box_w = 6, .box_h = 15, .ofs_x = 0, .ofs_y = -2},
    {.bitmap_index = 992, .adv_w = 76, .box_w = 2, .box_h = 18, .ofs_x = 2, .ofs_y = -4},
    {.bitmap_index = 997, .adv_w = 97, .box_w = 5, .box_h = 15, .ofs_x = 1, .ofs_y = -2},
    {.bitmap_index = 1007, .adv_w = 151, .box_w = 8, .box_h = 3, .ofs_x = 1, .ofs_y = 4},
    {.bitmap_index = 1010, .adv_w = 256, .box_w = 4, .box_h = 4, .ofs_x = 6, .ofs_y = 4},
    {.bitmap_index = 1012, .adv_w = 256, .box_w = 10, .box_h = 10, .ofs_x = 3, .ofs_y = 1},
    {.bitmap_index = 1025, .adv_w = 232, .box_w = 13, .box_h = 2, .ofs_x = 1, .ofs_y = 4},
    {.bitmap_index = 1029, .adv_w = 256, .box_w = 2, .box_h = 5, .ofs_x = 13, .ofs_y = 9},
    {.bitmap_index = 1031, .adv_w = 256, .box_w = 2, .box_h = 5, .ofs_x = 1, .ofs_y = 8},
    {.bitmap_index = 1033, .adv_w = 256, .box_w = 6, .box_h = 5, .ofs_x = 10, .ofs_y = 9},
    {.bitmap_index = 1037, .adv_w = 256, .box_w = 6, .box_h = 5, .ofs_x = 1, .ofs_y = 8},
    {.bitmap_index = 1041, .adv_w = 256, .box_w = 14, .box_h = 2, .ofs_x = 1, .ofs_y = 5},
    {.bitmap_index = 1045, .adv_w = 256, .box_w = 8, .box_h = 15, .ofs_x = 4, .ofs_y = -1},
    {.bitmap_index = 1060, .adv_w = 256, .box_w = 8, .box_h = 15, .ofs_x = 4, .ofs_y = -1},
    {.bitmap_index = 1075, .adv_w = 256, .box_w = 16, .box_h = 16, .ofs_x = 0, .ofs_y = -2},
    {.bitmap_index = 1107, .adv_w = 256, .box_w = 14, .box_h = 14, .ofs_x = 1, .ofs_y = -1},
    {.bitmap_index = 1132, .adv_w = 256, .box_w = 5, .box_h = 5, .ofs_x = 1, .ofs_y = -1},
    {.bitmap_index = 1136, .adv_w = 256, .box_w = 5, .box_h = 5, .ofs_x = 1, .ofs_y = -1},
    {.bitmap_index = 1140, .adv_w = 256, .box_w = 8, .box_h = 15, .ofs_x = 8, .ofs_y = -1},
    {.bitmap_index = 1155, .adv_w = 256, .box_w = 8, .box_h = 15, .ofs_x = 0, .ofs_y = -1},
    {.bitmap_index = 1170, .adv_w = 256, .box_w = 5, .box_h = 15, .ofs_x = 10, .ofs_y = -1},
    {.bitmap_index = 1180, .adv_w = 256, .box_w = 5, .box_h = 15, .ofs_x = 1, .ofs_y = -1},
    {.bitmap_index = 1190, .adv_w = 256, .box_w = 15, .box_h = 2, .ofs_x = 1, .ofs_y = 5},
    {.bitmap_index = 1194, .adv_w = 256, .box_w = 14, .box_h = 13, .ofs_x = 1, .ofs_y = -1},
    {.bitmap_index = 1217, .adv_w = 256, .box_w = 15, .box_h = 15, .ofs_x = 1, .ofs_y = -1},
    {.bitmap_index = 1246, .adv_w = 256, .box_w = 14, .box_h = 14, .ofs_x = 1, .ofs_y = -1},
    {.bitmap_index = 1271, .adv_w = 256, .box_w = 16, .box_h = 14, .ofs_x = 0, .ofs_y = -1},
    {.bitmap_index = 1299, .adv_w = 256, .box_w = 15, .box_h = 15, .ofs_x = 1, .ofs_y = -1},
    {.bitmap_index = 1328, .adv_w = 256, .box_w = 16, .box_h = 14, .ofs_x = 0, .ofs_y = -1},
    {.bitmap_index = 1356, .adv_w = 256, .box_w = 14, .box_h = 15, .ofs_x = 1, .ofs_y = -1},
    {.bitmap_index = 1383, .adv_w = 256, .box_w = 13, .box_h = 15, .ofs_x = 1, .ofs_y = -1},
    {.bitmap_index = 1408, .adv_w = 256, .box_w = 14, .box_h = 15, .ofs_x = 0, .ofs_y = -1},
    {.bitmap_index = 1435, .adv_w = 256, .box_w = 14, .box_h = 15, .ofs_x = 1, .ofs_y = -1},
    {.bitmap_index = 1462, .adv_w = 256, .box_w = 16, .box_h = 15, .ofs_x = 0, .ofs_y = -1},
    {.bitmap_index = 1492, .adv_w = 256, .box_w = 15, .box_h = 15, .ofs_x = 0, .ofs_y = -1},
    {.bitmap_index = 1521, .adv_w = 256, .box_w = 14, .box_h = 14, .ofs_x = 1, .ofs_y = -1},
    {.bitmap_index = 1546, .adv_w = 256, .box_w = 14, .box_h = 14, .ofs_x = 1, .ofs_y = -1},
    {.bitmap_index = 1571, .adv_w = 256, .box_w = 15, .box_h = 14, .ofs_x = 1, .ofs_y = -1},
    {.bitmap_index = 1598, .adv_w = 256, .box_w = 14, .box_h = 13, .ofs_x = 1, .ofs_y = -1},
    {.bitmap_index = 1621, .adv_w = 256, .box_w = 14, .box_h = 15, .ofs_x = 1, .ofs_y = -1},
    {.bitmap_index = 1648, .adv_w = 256, .box_w = 14, .box_h = 14, .ofs_x = 1, .ofs_y = -1},
    {.bitmap_index = 1673, .adv_w = 256, .box_w = 15, .box_h = 15, .ofs_x = 1, .ofs_y = -1},
    {.bitmap_index = 1702, .adv_w = 256, .box_w = 15, .box_h = 15, .ofs_x = 1, .ofs_y = -1},
    {.bitmap_index = 1731, .adv_w = 256, .box_w = 15, .box_h = 15, .ofs_x = 0, .ofs_y = -1},
    {.bitmap_index = 1760, .adv_w = 256, .box_w = 16, .box_h = 15, .ofs_x = 0, .ofs_y = -1},
    {.bitmap_index = 1790, .adv_w = 256, .box_w = 15, .box_h = 15, .ofs_x = 0, .ofs_y = -1},
    {.bitmap_index = 1819, .adv_w = 256, .box_w = 16, .box_h = 14, .ofs_x = 0, .ofs_y = -1},
    {.bitmap_index = 1847, .adv_w = 256, .box_w = 15, .box_h = 15, .ofs_x = 1, .ofs_y = -1},
    {.bitmap_index = 1876, .adv_w = 256, .box_w = 16, .box_h = 15, .ofs_x = 1, .ofs_y = -1},
    {.bitmap_index = 1906, .adv_w = 256, .box_w = 15, .box_h = 15, .ofs_x = 1, .ofs_y = -1},
    {.bitmap_index = 1935, .adv_w = 256, .box_w = 15, .box_h = 15, .ofs_x = 0, .ofs_y = -1},
    {.bitmap_index = 1964, .adv_w = 256, .box_w = 16, .box_h = 15, .ofs_x = 0, .ofs_y = -1},
    {.bitmap_index = 1994, .adv_w = 256, .box_w = 16, .box_h = 15, .ofs_x = 0, .ofs_y = -1},
    {.bitmap_index = 2024, .adv_w = 256, .box_w = 16, .box_h = 14, .ofs_x = 0, .ofs_y = -1},
    {.bitmap_index = 2052, .adv_w = 256, .box_w = 15, .box_h = 15, .ofs_x = 0, .ofs_y = -1},
    {.bitmap_index = 2081, .adv_w = 256, .box_w = 16, .box_h = 15, .ofs_x = 0, .ofs_y = -1},
    {.bitmap_index = 2111, .adv_w = 256, .box_w = 16, .box_h = 15, .ofs_x = 0, .ofs_y = -1},
    {.bitmap_index = 2141, .adv_w = 256, .box_w = 15, .box_h = 15, .ofs_x = 0, .ofs_y = -1},
    {.bitmap_index = 2170, .adv_w = 256, .box_w = 16, .box_h = 15, .ofs_x = 0, .ofs_y = -1},
    {.bitmap_index = 2200, .adv_w = 256, .box_w = 15, .box_h = 15, .ofs_x = 0, .ofs_y = -1},
    {.bitmap_index = 2229, .adv_w = 256, .box_w = 16, .box_h = 15, .ofs_x = 0, .ofs_y = -1},
    {.bitmap_index = 2259, .adv_w = 256, .box_w = 16, .box_h = 14, .ofs_x = 0, .ofs_y = -1},
    {.bitmap_index = 2287, .adv_w = 256, .box_w = 14, .box_h = 15, .ofs_x = 1, .ofs_y = -1},
    {.bitmap_index = 2314, .adv_w = 256, .box_w = 15, .box_h = 15, .ofs_x = 1, .ofs_y = -1},
    {.bitmap_index = 2343, .adv_w = 256, .box_w = 16, .box_h = 15, .ofs_x = 0, .ofs_y = -1},
    {.bitmap_index = 2373, .adv_w = 256, .box_w = 16, .box_h = 14, .ofs_x = 0, .ofs_y = -1},
    {.bitmap_index = 2401, .adv_w = 256, .box_w = 15, .box_h = 16, .ofs_x = 0, .ofs_y = -2},
    {.bitmap_index = 2431, .adv_w = 256, .box_w = 13, .box_h = 15, .ofs_x = 1, .ofs_y = -1},
    {.bitmap_index = 2456, .adv_w = 256, .box_w = 15, .box_h = 14, .ofs_x = 0, .ofs_y = -1},
    {.bitmap_index = 2483, .adv_w = 256, .box_w = 15, .box_h = 15, .ofs_x = 0, .ofs_y = -1},
    {.bitmap_index = 2512, .adv_w = 256, .box_w = 15, .box_h = 15, .ofs_x = 1, .ofs_y = -1},
    {.bitmap_index = 2541, .adv_w = 256, .box_w = 13, .box_h = 15, .ofs_x = 1, .ofs_y = -1},
    {.bitmap_index = 2566, .adv_w = 256, .box_w = 14, .box_h = 15, .ofs_x = 1, .ofs_y = -1},
    {.bitmap_index = 2593, .adv_w = 256, .box_w = 16, .box_h = 14, .ofs_x = 0, .ofs_y = -1},
    {.bitmap_index = 2621, .adv_w = 256, .box_w = 14, .box_h = 15, .ofs_x = 1, .ofs_y = -1},
    {.bitmap_index = 2648, .adv_w = 256, .box_w = 14, .box_h = 14, .ofs_x = 1, .ofs_y = -1},
    {.bitmap_index = 2673, .adv_w = 256, .box_w = 15, .box_h = 14, .ofs_x = 0, .ofs_y = -1},
    {.bitmap_index = 2700, .adv_w = 256, .box_w = 15, .box_h = 15, .ofs_x = 0, .ofs_y = -1},
    {.bitmap_index = 2729, .adv_w = 256, .box_w = 14, .box_h = 15, .ofs_x = 1, .ofs_y = -1},
    {.bitmap_index = 2756, .adv_w = 256, .box_w = 16, .box_h = 14, .ofs_x = 0, .ofs_y = -1},
    {.bitmap_index = 2784, .adv_w = 256, .box_w = 15, .box_h = 14, .ofs_x = 0, .ofs_y = -1},
    {.bitmap_index = 2811, .adv_w = 256, .box_w = 15, .box_h = 15, .ofs_x = 0, .ofs_y = -1},
    {.bitmap_index = 2840, .adv_w = 256, .box_w = 13, .box_h = 15, .ofs_x = 1, .ofs_y = -1},
    {.bitmap_index = 2865, .adv_w = 256, .box_w = 14, .box_h = 15, .ofs_x = 1, .ofs_y = -1},
    {.bitmap_index = 2892, .adv_w = 256, .box_w = 14, .box_h = 15, .ofs_x = 1, .ofs_y = -1},
    {.bitmap_index = 2919, .adv_w = 256, .box_w = 16, .box_h = 15, .ofs_x = 0, .ofs_y = -1},
    {.bitmap_index = 2949, .adv_w = 256, .box_w = 15, .box_h = 15, .ofs_x = 1, .ofs_y = -1},
    {.bitmap_index = 2978, .adv_w = 256, .box_w = 14, .box_h = 15, .ofs_x = 1, .ofs_y = -1},
    {.bitmap_index = 3005, .adv_w = 256, .box_w = 14, .box_h = 14, .ofs_x = 1, .ofs_y = -1},
    {.bitmap_index = 3030, .adv_w = 256, .box_w = 14, .box_h = 15, .ofs_x = 1, .ofs_y = -1},
    {.bitmap_index = 3057, .adv_w = 256, .box_w = 14, .box_h = 15, .ofs_x = 1, .ofs_y = -1},
    {.bitmap_index = 3084, .adv_w = 256, .box_w = 14, .box_h = 14, .ofs_x = 1, .ofs_y = -1},
    {.bitmap_index = 3109, .adv_w = 256, .box_w = 16, .box_h = 14, .ofs_x = 0, .ofs_y = -1},
    {.bitmap_index = 3137, .adv_w = 256, .box_w = 15, .box_h = 15, .ofs_x = 0, .ofs_y = -2},
    {.bitmap_index = 3166, .adv_w = 256, .box_w = 16, .box_h = 14, .ofs_x = 1, .ofs_y = -1},
    {.bitmap_index = 3194, .adv_w = 256, .box_w = 13, .box_h = 13, .ofs_x = 2, .ofs_y = -1},
    {.bitmap_index = 3216, .adv_w = 256, .box_w = 15, .box_h = 13, .ofs_x = 0, .ofs_y = -1},
    {.bitmap_index = 3241, .adv_w = 256, .box_w = 15, .box_h = 14, .ofs_x = 0, .ofs_y = -1},
    {.bitmap_index = 3268, .adv_w = 256, .box_w = 14, .box_h = 14, .ofs_x = 1, .ofs_y = -1},
    {.bitmap_index = 3293, .adv_w = 256, .box_w = 14, .box_h = 15, .ofs_x = 0, .ofs_y = -1},
    {.bitmap_index = 3320, .adv_w = 256, .box_w = 15, .box_h = 14, .ofs_x = 0, .ofs_y = -1},
    {.bitmap_index = 3347, .adv_w = 256, .box_w = 13, .box_h = 15, .ofs_x = 1, .ofs_y = -1},
    {.bitmap_index = 3372, .adv_w = 256, .box_w = 14, .box_h = 15, .ofs_x = 0, .ofs_y = -1},
    {.bitmap_index = 3399, .adv_w = 256, .box_w = 14, .box_h = 14, .ofs_x = 1, .ofs_y = -1},
    {.bitmap_index = 3424, .adv_w = 256, .box_w = 16, .box_h = 14, .ofs_x = 0, .ofs_y = -1},
    {.bitmap_index = 3452, .adv_w = 256, .box_w = 14, .box_h = 14, .ofs_x = 1, .ofs_y = -1},
    {.bitmap_index = 3477, .adv_w = 256, .box_w = 14, .box_h = 14, .ofs_x = 1, .ofs_y = -1},
    {.bitmap_index = 3502, .adv_w = 256, .box_w = 15, .box_h = 14, .ofs_x = 0, .ofs_y = -1},
    {.bitmap_index = 3529, .adv_w = 256, .box_w = 16, .box_h = 15, .ofs_x = 0, .ofs_y = -1},
    {.bitmap_index = 3559, .adv_w = 256, .box_w = 15, .box_h = 15, .ofs_x = 0, .ofs_y = -1},
    {.bitmap_index = 3588, .adv_w = 256, .box_w = 15, .box_h = 16, .ofs_x = 0, .ofs_y = -2},
    {.bitmap_index = 3618, .adv_w = 256, .box_w = 15, .box_h = 14, .ofs_x = 1, .ofs_y = 0},
    {.bitmap_index = 3645, .adv_w = 256, .box_w = 15, .box_h = 15, .ofs_x = 1, .ofs_y = -1},
    {.bitmap_index = 3674, .adv_w = 256, .box_w = 14, .box_h = 15, .ofs_x = 0, .ofs_y = -1},
    {.bitmap_index = 3701, .adv_w = 256, .box_w = 15, .box_h = 15, .ofs_x = 0, .ofs_y = -1},
    {.bitmap_index = 3730, .adv_w = 256, .box_w = 16, .box_h = 14, .ofs_x = 0, .ofs_y = -1},
    {.bitmap_index = 3758, .adv_w = 256, .box_w = 16, .box_h = 14, .ofs_x = 0, .ofs_y = -1},
    {.bitmap_index = 3786, .adv_w = 256, .box_w = 15, .box_h = 15, .ofs_x = 1, .ofs_y = -1},
    {.bitmap_index = 3815, .adv_w = 256, .box_w = 15, .box_h = 14, .ofs_x = 1, .ofs_y = -1},
    {.bitmap_index = 3842, .adv_w = 256, .box_w = 15, .box_h = 15, .ofs_x = 1, .ofs_y = -1},
    {.bitmap_index = 3871, .adv_w = 256, .box_w = 16, .box_h = 15, .ofs_x = 0, .ofs_y = -1},
    {.bitmap_index = 3901, .adv_w = 256, .box_w = 14, .box_h = 15, .ofs_x = 1, .ofs_y = -1},
    {.bitmap_index = 3928, .adv_w = 256, .box_w = 15, .box_h = 15, .ofs_x = 0, .ofs_y = -1},
    {.bitmap_index = 3957, .adv_w = 256, .box_w = 15, .box_h = 15, .ofs_x = 1, .ofs_y = -1},
    {.bitmap_index = 3986, .adv_w = 256, .box_w = 16, .box_h = 15, .ofs_x = 0, .ofs_y = -1},
    {.bitmap_index = 4016, .adv_w = 256, .box_w = 14, .box_h = 15, .ofs_x = 1, .ofs_y = -1},
    {.bitmap_index = 4043, .adv_w = 256, .box_w = 16, .box_h = 15, .ofs_x = 0, .ofs_y = -1},
    {.bitmap_index = 4073, .adv_w = 256, .box_w = 15, .box_h = 15, .ofs_x = 0, .ofs_y = -1},
    {.bitmap_index = 4102, .adv_w = 256, .box_w = 15, .box_h = 15, .ofs_x = 0, .ofs_y = -1},
    {.bitmap_index = 4131, .adv_w = 256, .box_w = 15, .box_h = 14, .ofs_x = 0, .ofs_y = -1},
    {.bitmap_index = 4158, .adv_w = 256, .box_w = 16, .box_h = 14, .ofs_x = 0, .ofs_y = -1},
    {.bitmap_index = 4186, .adv_w = 256, .box_w = 14, .box_h = 14, .ofs_x = 1, .ofs_y = -1},
    {.bitmap_index = 4211, .adv_w = 256, .box_w = 16, .box_h = 15, .ofs_x = 0, .ofs_y = -1},
    {.bitmap_index = 4241, .adv_w = 256, .box_w = 16, .box_h = 14, .ofs_x = 0, .ofs_y = -1},
    {.bitmap_index = 4269, .adv_w = 256, .box_w = 15, .box_h = 15, .ofs_x = 1, .ofs_y = -1},
    {.bitmap_index = 4298, .adv_w = 256, .box_w = 15, .box_h = 16, .ofs_x = 1, .ofs_y = -2},
    {.bitmap_index = 4328, .adv_w = 256, .box_w = 15, .box_h = 15, .ofs_x = 1, .ofs_y = -1},
    {.bitmap_index = 4357, .adv_w = 256, .box_w = 15, .box_h = 15, .ofs_x = 1, .ofs_y = -1},
    {.bitmap_index = 4386, .adv_w = 256, .box_w = 15, .box_h = 15, .ofs_x = 1, .ofs_y = -1},
    {.bitmap_index = 4415, .adv_w = 256, .box_w = 15, .box_h = 14, .ofs_x = 0, .ofs_y = -1},
    {.bitmap_index = 4442, .adv_w = 256, .box_w = 14, .box_h = 15, .ofs_x = 1, .ofs_y = -1},
    {.bitmap_index = 4469, .adv_w = 256, .box_w = 14, .box_h = 14, .ofs_x = 1, .ofs_y = -1},
    {.bitmap_index = 4494, .adv_w = 256, .box_w = 13, .box_h = 15, .ofs_x = 2, .ofs_y = -1},
    {.bitmap_index = 4519, .adv_w = 256, .box_w = 14, .box_h = 14, .ofs_x = 1, .ofs_y = -1},
    {.bitmap_index = 4544, .adv_w = 256, .box_w = 14, .box_h = 15, .ofs_x = 1, .ofs_y = -1},
    {.bitmap_index = 4571, .adv_w = 256, .box_w = 15, .box_h = 15, .ofs_x = 1, .ofs_y = -1},
    {.bitmap_index = 4600, .adv_w = 256, .box_w = 15, .box_h = 15, .ofs_x = 0, .ofs_y = -1},
    {.bitmap_index = 4629, .adv_w = 256, .box_w = 15, .box_h = 15, .ofs_x = 0, .ofs_y = -1},
    {.bitmap_index = 4658, .adv_w = 256, .box_w = 14, .box_h = 15, .ofs_x = 1, .ofs_y = -1},
    {.bitmap_index = 4685, .adv_w = 256, .box_w = 14, .box_h = 15, .ofs_x = 1, .ofs_y = -1},
    {.bitmap_index = 4712, .adv_w = 256, .box_w = 16, .box_h = 15, .ofs_x = 0, .ofs_y = -1},
    {.bitmap_index = 4742, .adv_w = 256, .box_w = 15, .box_h = 15, .ofs_x = 0, .ofs_y = -1},
    {.bitmap_index = 4771, .adv_w = 256, .box_w = 15, .box_h = 15, .ofs_x = 0, .ofs_y = -1},
    {.bitmap_index = 4800, .adv_w = 256, .box_w = 15, .box_h = 15, .ofs_x = 1, .ofs_y = -1},
    {.bitmap_index = 4829, .adv_w = 256, .box_w = 15, .box_h = 15, .ofs_x = 0, .ofs_y = -1},
    {.bitmap_index = 4858, .adv_w = 256, .box_w = 15, .box_h = 15, .ofs_x = 0, .ofs_y = -1},
    {.bitmap_index = 4887, .adv_w = 256, .box_w = 15, .box_h = 15, .ofs_x = 0, .ofs_y = -1},
    {.bitmap_index = 4916, .adv_w = 256, .box_w = 15, .box_h = 15, .ofs_x = 0, .ofs_y = -1},
    {.bitmap_index = 4945, .adv_w = 256, .box_w = 15, .box_h = 15, .ofs_x = 0, .ofs_y = -1},
    {.bitmap_index = 4974, .adv_w = 256, .box_w = 15, .box_h = 15, .ofs_x = 0, .ofs_y = -1},
    {.bitmap_index = 5003, .adv_w = 256, .box_w = 15, .box_h = 15, .ofs_x = 0, .ofs_y = -1},
    {.bitmap_index = 5032, .adv_w = 256, .box_w = 16, .box_h = 15, .ofs_x = 0, .ofs_y = -1},
    {.bitmap_index = 5062, .adv_w = 256, .box_w = 16, .box_h = 15, .ofs_x = 0, .ofs_y = -1},
    {.bitmap_index = 5092, .adv_w = 256, .box_w = 16, .box_h = 15, .ofs_x = 0, .ofs_y = -1},
    {.bitmap_index = 5122, .adv_w = 256, .box_w = 15, .box_h = 15, .ofs_x = 0, .ofs_y = -1},
    {.bitmap_index = 5151, .adv_w = 256, .box_w = 15, .box_h = 16, .ofs_x = 1, .ofs_y = -2},
    {.bitmap_index = 5181, .adv_w = 256, .box_w = 16, .box_h = 15, .ofs_x = 0, .ofs_y = -1},
    {.bitmap_index = 5211, .adv_w = 256, .box_w = 15, .box_h = 15, .ofs_x = 1, .ofs_y = -1},
    {.bitmap_index = 5240, .adv_w = 256, .box_w = 16, .box_h = 15, .ofs_x = 0, .ofs_y = -1},
    {.bitmap_index = 5270, .adv_w = 256, .box_w = 14, .box_h = 15, .ofs_x = 1, .ofs_y = -1},
    {.bitmap_index = 5297, .adv_w = 256, .box_w = 16, .box_h = 14, .ofs_x = 0, .ofs_y = -1},
    {.bitmap_index = 5325, .adv_w = 256, .box_w = 15, .box_h = 15, .ofs_x = 1, .ofs_y = -1},
    {.bitmap_index = 5354, .adv_w = 256, .box_w = 14, .box_h = 14, .ofs_x = 1, .ofs_y = -1},
    {.bitmap_index = 5379, .adv_w = 256, .box_w = 16, .box_h = 14, .ofs_x = 0, .ofs_y = -1},
    {.bitmap_index = 5407, .adv_w = 256, .box_w = 15, .box_h = 14, .ofs_x = 1, .ofs_y = -1},
    {.bitmap_index = 5434, .adv_w = 256, .box_w = 16, .box_h = 15, .ofs_x = 0, .ofs_y = -1},
    {.bitmap_index = 5464, .adv_w = 256, .box_w = 16, .box_h = 15, .ofs_x = 0, .ofs_y = -1},
    {.bitmap_index = 5494, .adv_w = 256, .box_w = 16, .box_h = 15, .ofs_x = 0, .ofs_y = -1},
    {.bitmap_index = 5524, .adv_w = 256, .box_w = 15, .box_h = 15, .ofs_x = 1, .ofs_y = -1},
    {.bitmap_index = 5553, .adv_w = 256, .box_w = 16, .box_h = 15, .ofs_x = 0, .ofs_y = -1},
    {.bitmap_index = 5583, .adv_w = 256, .box_w = 15, .box_h = 15, .ofs_x = 1, .ofs_y = -1},
    {.bitmap_index = 5612, .adv_w = 256, .box_w = 16, .box_h = 15, .ofs_x = 0, .ofs_y = -1},
    {.bitmap_index = 5642, .adv_w = 256, .box_w = 16, .box_h = 14, .ofs_x = 0, .ofs_y = -1},
    {.bitmap_index = 5670, .adv_w = 256, .box_w = 14, .box_h = 15, .ofs_x = 1, .ofs_y = -1},
    {.bitmap_index = 5697, .adv_w = 256, .box_w = 16, .box_h = 15, .ofs_x = 0, .ofs_y = -1},
    {.bitmap_index = 5727, .adv_w = 256, .box_w = 15, .box_h = 15, .ofs_x = 0, .ofs_y = -1},
    {.bitmap_index = 5756, .adv_w = 256, .box_w = 15, .box_h = 15, .ofs_x = 1, .ofs_y = -2},
    {.bitmap_index = 5785, .adv_w = 256, .box_w = 15, .box_h = 15, .ofs_x = 1, .ofs_y = -1},
    {.bitmap_index = 5814, .adv_w = 256, .box_w = 15, .box_h = 14, .ofs_x = 1, .ofs_y = -1},
    {.bitmap_index = 5841, .adv_w = 256, .box_w = 14, .box_h = 16, .ofs_x = 1, .ofs_y = -2},
    {.bitmap_index = 5869, .adv_w = 256, .box_w = 15, .box_h = 15, .ofs_x = 0, .ofs_y = -1},
    {.bitmap_index = 5898, .adv_w = 256, .box_w = 15, .box_h = 15, .ofs_x = 0, .ofs_y = -1},
    {.bitmap_index = 5927, .adv_w = 256, .box_w = 15, .box_h = 14, .ofs_x = 0, .ofs_y = -1},
    {.bitmap_index = 5954, .adv_w = 256, .box_w = 14, .box_h = 15, .ofs_x = 1, .ofs_y = -1},
    {.bitmap_index = 5981, .adv_w = 256, .box_w = 15, .box_h = 15, .ofs_x = 1, .ofs_y = -1},
    {.bitmap_index = 6010, .adv_w = 256, .box_w = 16, .box_h = 15, .ofs_x = 0, .ofs_y = -1},
    {.bitmap_index = 6040, .adv_w = 256, .box_w = 15, .box_h = 15, .ofs_x = 0, .ofs_y = -2},
    {.bitmap_index = 6069, .adv_w = 256, .box_w = 15, .box_h = 16, .ofs_x = 0, .ofs_y = -2},
    {.bitmap_index = 6099, .adv_w = 256, .box_w = 16, .box_h = 15, .ofs_x = 0, .ofs_y = -1},
    {.bitmap_index = 6129, .adv_w = 256, .box_w = 15, .box_h = 15, .ofs_x = 0, .ofs_y = -1},
    {.bitmap_index = 6158, .adv_w = 256, .box_w = 16, .box_h = 14, .ofs_x = 0, .ofs_y = -1},
    {.bitmap_index = 6186, .adv_w = 256, .box_w = 15, .box_h = 14, .ofs_x = 1, .ofs_y = -1},
    {.bitmap_index = 6213, .adv_w = 256, .box_w = 15, .box_h = 14, .ofs_x = 0, .ofs_y = -1},
    {.bitmap_index = 6240, .adv_w = 256, .box_w = 15, .box_h = 15, .ofs_x = 0, .ofs_y = -1},
    {.bitmap_index = 6269, .adv_w = 256, .box_w = 14, .box_h = 14, .ofs_x = 0, .ofs_y = -1},
    {.bitmap_index = 6294, .adv_w = 256, .box_w = 13, .box_h = 15, .ofs_x = 2, .ofs_y = -1},
    {.bitmap_index = 6319, .adv_w = 256, .box_w = 14, .box_h = 14, .ofs_x = 1, .ofs_y = -1},
    {.bitmap_index = 6344, .adv_w = 256, .box_w = 16, .box_h = 14, .ofs_x = 0, .ofs_y = -1},
    {.bitmap_index = 6372, .adv_w = 256, .box_w = 14, .box_h = 15, .ofs_x = 1, .ofs_y = -1},
    {.bitmap_index = 6399, .adv_w = 256, .box_w = 14, .box_h = 14, .ofs_x = 1, .ofs_y = -1},
    {.bitmap_index = 6424, .adv_w = 256, .box_w = 14, .box_h = 15, .ofs_x = 1, .ofs_y = -1},
    {.bitmap_index = 6451, .adv_w = 256, .box_w = 16, .box_h = 15, .ofs_x = 0, .ofs_y = -1},
    {.bitmap_index = 6481, .adv_w = 256, .box_w = 15, .box_h = 14, .ofs_x = 0, .ofs_y = -1},
    {.bitmap_index = 6508, .adv_w = 256, .box_w = 15, .box_h = 15, .ofs_x = 0, .ofs_y = -1},
    {.bitmap_index = 6537, .adv_w = 256, .box_w = 14, .box_h = 14, .ofs_x = 1, .ofs_y = -1},
    {.bitmap_index = 6562, .adv_w = 256, .box_w = 15, .box_h = 15, .ofs_x = 0, .ofs_y = -1},
    {.bitmap_index = 6591, .adv_w = 256, .box_w = 14, .box_h = 15, .ofs_x = 1, .ofs_y = -1},
    {.bitmap_index = 6618, .adv_w = 256, .box_w = 15, .box_h = 14, .ofs_x = 0, .ofs_y = -1},
    {.bitmap_index = 6645, .adv_w = 256, .box_w = 15, .box_h = 15, .ofs_x = 1, .ofs_y = -1},
    {.bitmap_index = 6674, .adv_w = 256, .box_w = 15, .box_h = 14, .ofs_x = 0, .ofs_y = -1},
    {.bitmap_index = 6701, .adv_w = 256, .box_w = 14, .box_h = 14, .ofs_x = 1, .ofs_y = -1},
    {.bitmap_index = 6726, .adv_w = 256, .box_w = 16, .box_h = 15, .ofs_x = 0, .ofs_y = -1},
    {.bitmap_index = 6756, .adv_w = 256, .box_w = 16, .box_h = 14, .ofs_x = 0, .ofs_y = -1},
    {.bitmap_index = 6784, .adv_w = 256, .box_w = 16, .box_h = 14, .ofs_x = 0, .ofs_y = -1},
    {.bitmap_index = 6812, .adv_w = 256, .box_w = 15, .box_h = 15, .ofs_x = 1, .ofs_y = -1},
    {.bitmap_index = 6841, .adv_w = 256, .box_w = 14, .box_h = 15, .ofs_x = 1, .ofs_y = -1},
    {.bitmap_index = 6868, .adv_w = 256, .box_w = 15, .box_h = 15, .ofs_x = 0, .ofs_y = -1},
    {.bitmap_index = 6897, .adv_w = 256, .box_w = 14, .box_h = 14, .ofs_x = 1, .ofs_y = -1},
    {.bitmap_index = 6922, .adv_w = 256, .box_w = 14, .box_h = 14, .ofs_x = 1, .ofs_y = -1},
    {.bitmap_index = 6947, .adv_w = 256, .box_w = 15, .box_h = 14, .ofs_x = 0, .ofs_y = -1},
    {.bitmap_index = 6974, .adv_w = 256, .box_w = 15, .box_h = 14, .ofs_x = 1, .ofs_y = -1},
    {.bitmap_index = 7001, .adv_w = 256, .box_w = 14, .box_h = 14, .ofs_x = 1, .ofs_y = -1},
    {.bitmap_index = 7026, .adv_w = 256, .box_w = 15, .box_h = 15, .ofs_x = 0, .ofs_y = -1},
    {.bitmap_index = 7055, .adv_w = 256, .box_w = 15, .box_h = 15, .ofs_x = 0, .ofs_y = -1},
    {.bitmap_index = 7084, .adv_w = 256, .box_w = 16, .box_h = 15, .ofs_x = 0, .ofs_y = -1},
    {.bitmap_index = 7114, .adv_w = 256, .box_w = 16, .box_h = 15, .ofs_x = 0, .ofs_y = -1},
    {.bitmap_index = 7144, .adv_w = 256, .box_w = 15, .box_h = 15, .ofs_x = 0, .ofs_y = -1},
    {.bitmap_index = 7173, .adv_w = 256, .box_w = 16, .box_h = 14, .ofs_x = 0, .ofs_y = 0},
    {.bitmap_index = 7201, .adv_w = 256, .box_w = 15, .box_h = 15, .ofs_x = 0, .ofs_y = -1},
    {.bitmap_index = 7230, .adv_w = 256, .box_w = 15, .box_h = 15, .ofs_x = 1, .ofs_y = -1},
    {.bitmap_index = 7259, .adv_w = 256, .box_w = 15, .box_h = 15, .ofs_x = 0, .ofs_y = -1},
    {.bitmap_index = 7288, .adv_w = 256, .box_w = 14, .box_h = 15, .ofs_x = 1, .ofs_y = -2},
    {.bitmap_index = 7315, .adv_w = 256, .box_w = 15, .box_h = 15, .ofs_x = 0, .ofs_y = -1},
    {.bitmap_index = 7344, .adv_w = 256, .box_w = 12, .box_h = 15, .ofs_x = 2, .ofs_y = -1},
    {.bitmap_index = 7367, .adv_w = 256, .box_w = 14, .box_h = 14, .ofs_x = 1, .ofs_y = -1},
    {.bitmap_index = 7392, .adv_w = 256, .box_w = 14, .box_h = 15, .ofs_x = 1, .ofs_y = -1},
    {.bitmap_index = 7419, .adv_w = 256, .box_w = 15, .box_h = 15, .ofs_x = 1, .ofs_y = -1},
    {.bitmap_index = 7448, .adv_w = 256, .box_w = 15, .box_h = 15, .ofs_x = 0, .ofs_y = -1},
    {.bitmap_index = 7477, .adv_w = 256, .box_w = 15, .box_h = 15, .ofs_x = 0, .ofs_y = -1},
    {.bitmap_index = 7506, .adv_w = 256, .box_w = 16, .box_h = 16, .ofs_x = 0, .ofs_y = -2},
    {.bitmap_index = 7538, .adv_w = 256, .box_w = 16, .box_h = 14, .ofs_x = 0, .ofs_y = -1},
    {.bitmap_index = 7566, .adv_w = 256, .box_w = 16, .box_h = 14, .ofs_x = 0, .ofs_y = -1},
    {.bitmap_index = 7594, .adv_w = 256, .box_w = 15, .box_h = 15, .ofs_x = 0, .ofs_y = -1},
    {.bitmap_index = 7623, .adv_w = 256, .box_w = 14, .box_h = 15, .ofs_x = 1, .ofs_y = -1},
    {.bitmap_index = 7650, .adv_w = 256, .box_w = 15, .box_h = 15, .ofs_x = 1, .ofs_y = -1},
    {.bitmap_index = 7679, .adv_w = 256, .box_w = 15, .box_h = 15, .ofs_x = 1, .ofs_y = -1},
    {.bitmap_index = 7708, .adv_w = 256, .box_w = 14, .box_h = 15, .ofs_x = 1, .ofs_y = -1},
    {.bitmap_index = 7735, .adv_w = 256, .box_w = 15, .box_h = 15, .ofs_x = 1, .ofs_y = -1},
    {.bitmap_index = 7764, .adv_w = 256, .box_w = 15, .box_h = 14, .ofs_x = 0, .ofs_y = -1},
    {.bitmap_index = 7791, .adv_w = 256, .box_w = 15, .box_h = 15, .ofs_x = 1, .ofs_y = -1},
    {.bitmap_index = 7820, .adv_w = 256, .box_w = 15, .box_h = 14, .ofs_x = 0, .ofs_y = -1},
    {.bitmap_index = 7847, .adv_w = 256, .box_w = 15, .box_h = 14, .ofs_x = 1, .ofs_y = -1},
    {.bitmap_index = 7874, .adv_w = 256, .box_w = 15, .box_h = 14, .ofs_x = 0, .ofs_y = -1},
    {.bitmap_index = 7901, .adv_w = 256, .box_w = 15, .box_h = 15, .ofs_x = 1, .ofs_y = -1},
    {.bitmap_index = 7930, .adv_w = 256, .box_w = 15, .box_h = 14, .ofs_x = 1, .ofs_y = -1},
    {.bitmap_index = 7957, .adv_w = 256, .box_w = 15, .box_h = 15, .ofs_x = 1, .ofs_y = -1},
    {.bitmap_index = 7986, .adv_w = 256, .box_w = 15, .box_h = 15, .ofs_x = 1, .ofs_y = -1},
    {.bitmap_index = 8015, .adv_w = 256, .box_w = 15, .box_h = 14, .ofs_x = 0, .ofs_y = -1},
    {.bitmap_index = 8042, .adv_w = 256, .box_w = 15, .box_h = 15, .ofs_x = 0, .ofs_y = -1},
    {.bitmap_index = 8071, .adv_w = 256, .box_w = 16, .box_h = 16, .ofs_x = 0, .ofs_y = -2},
    {.bitmap_index = 8103, .adv_w = 256, .box_w = 16, .box_h = 15, .ofs_x = 0, .ofs_y = -1},
    {.bitmap_index = 8133, .adv_w = 256, .box_w = 16, .box_h = 15, .ofs_x = 0, .ofs_y = -1},
    {.bitmap_index = 8163, .adv_w = 256, .box_w = 16, .box_h = 14, .ofs_x = 0, .ofs_y = -1},
    {.bitmap_index = 8191, .adv_w = 256, .box_w = 16, .box_h = 15, .ofs_x = 0, .ofs_y = -1},
    {.bitmap_index = 8221, .adv_w = 256, .box_w = 14, .box_h = 14, .ofs_x = 1, .ofs_y = -1},
    {.bitmap_index = 8246, .adv_w = 256, .box_w = 16, .box_h = 15, .ofs_x = 0, .ofs_y = -1},
    {.bitmap_index = 8276, .adv_w = 256, .box_w = 15, .box_h = 15, .ofs_x = 1, .ofs_y = -1},
    {.bitmap_index = 8305, .adv_w = 256, .box_w = 15, .box_h = 15, .ofs_x = 1, .ofs_y = -1},
    {.bitmap_index = 8334, .adv_w = 256, .box_w = 16, .box_h = 15, .ofs_x = 0, .ofs_y = -1},
    {.bitmap_index = 8364, .adv_w = 256, .box_w = 15, .box_h = 15, .ofs_x = 0, .ofs_y = -1},
    {.bitmap_index = 8393, .adv_w = 256, .box_w = 16, .box_h = 14, .ofs_x = 0, .ofs_y = -1},
    {.bitmap_index = 8421, .adv_w = 256, .box_w = 16, .box_h = 14, .ofs_x = 0, .ofs_y = -1},
    {.bitmap_index = 8449, .adv_w = 256, .box_w = 15, .box_h = 14, .ofs_x = 0, .ofs_y = -1},
    {.bitmap_index = 8476, .adv_w = 256, .box_w = 16, .box_h = 15, .ofs_x = 0, .ofs_y = -1},
    {.bitmap_index = 8506, .adv_w = 256, .box_w = 16, .box_h = 14, .ofs_x = 0, .ofs_y = -1},
    {.bitmap_index = 8534, .adv_w = 256, .box_w = 15, .box_h = 15, .ofs_x = 0, .ofs_y = -1},
    {.bitmap_index = 8563, .adv_w = 256, .box_w = 15, .box_h = 15, .ofs_x = 0, .ofs_y = -1},
    {.bitmap_index = 8592, .adv_w = 256, .box_w = 15, .box_h = 14, .ofs_x = 1, .ofs_y = -1},
    {.bitmap_index = 8619, .adv_w = 256, .box_w = 14, .box_h = 14, .ofs_x = 1, .ofs_y = -1},
    {.bitmap_index = 8644, .adv_w = 256, .box_w = 15, .box_h = 14, .ofs_x = 1, .ofs_y = -1},
    {.bitmap_index = 8671, .adv_w = 256, .box_w = 15, .box_h = 15, .ofs_x = 0, .ofs_y = -1},
    {.bitmap_index = 8700, .adv_w = 256, .box_w = 15, .box_h = 15, .ofs_x = 1, .ofs_y = -1},
    {.bitmap_index = 8729, .adv_w = 256, .box_w = 14, .box_h = 15, .ofs_x = 1, .ofs_y = -1},
    {.bitmap_index = 8756, .adv_w = 256, .box_w = 14, .box_h = 15, .ofs_x = 1, .ofs_y = -1},
    {.bitmap_index = 8783, .adv_w = 256, .box_w = 14, .box_h = 15, .ofs_x = 1, .ofs_y = -1},
    {.bitmap_index = 8810, .adv_w = 256, .box_w = 15, .box_h = 15, .ofs_x = 1, .ofs_y = -1},
    {.bitmap_index = 8839, .adv_w = 256, .box_w = 15, .box_h = 15, .ofs_x = 1, .ofs_y = -1},
    {.bitmap_index = 8868, .adv_w = 256, .box_w = 16, .box_h = 14, .ofs_x = 0, .ofs_y = -1},
    {.bitmap_index = 8896, .adv_w = 256, .box_w = 16, .box_h = 15, .ofs_x = 0, .ofs_y = -1},
    {.bitmap_index = 8926, .adv_w = 256, .box_w = 14, .box_h = 14, .ofs_x = 1, .ofs_y = -1},
    {.bitmap_index = 8951, .adv_w = 256, .box_w = 14, .box_h = 14, .ofs_x = 1, .ofs_y = -1},
    {.bitmap_index = 8976, .adv_w = 256, .box_w = 14, .box_h = 14, .ofs_x = 1, .ofs_y = -1},
    {.bitmap_index = 9001, .adv_w = 256, .box_w = 15, .box_h = 14, .ofs_x = 0, .ofs_y = -1},
    {.bitmap_index = 9028, .adv_w = 256, .box_w = 16, .box_h = 15, .ofs_x = 0, .ofs_y = -2},
    {.bitmap_index = 9058, .adv_w = 256, .box_w = 15, .box_h = 14, .ofs_x = 1, .ofs_y = -1},
    {.bitmap_index = 9085, .adv_w = 256, .box_w = 15, .box_h = 15, .ofs_x = 0, .ofs_y = -1},
    {.bitmap_index = 9114, .adv_w = 256, .box_w = 14, .box_h = 15, .ofs_x = 1, .ofs_y = -1},
    {.bitmap_index = 9141, .adv_w = 256, .box_w = 3, .box_h = 12, .ofs_x = 2, .ofs_y = 0},
    {.bitmap_index = 9146, .adv_w = 256, .box_w = 5, .box_h = 16, .ofs_x = 11, .ofs_y = -2},
    {.bitmap_index = 9156, .adv_w = 256, .box_w = 5, .box_h = 16, .ofs_x = 0, .ofs_y = -2},
    {.bitmap_index = 9166, .adv_w = 256, .box_w = 4, .box_h = 6, .ofs_x = 2, .ofs_y = -2},
    {.bitmap_index = 9169, .adv_w = 256, .box_w = 3, .box_h = 11, .ofs_x = 2, .ofs_y = 0},
    {.bitmap_index = 9174, .adv_w = 256, .box_w = 3, .box_h = 14, .ofs_x = 3, .ofs_y = -3},
    {.bitmap_index = 9180, .adv_w = 256, .box_w = 7, .box_h = 12, .ofs_x = 0, .ofs_y = 0}
};

/*---------------------
 *  CHARACTER MAPPING
 *--------------------*/

static const uint16_t unicode_list_1[] = {
    0x0, 0x20, 0x1f5d, 0x1f61, 0x1f62, 0x1f65, 0x1f66, 0x1f6f,
    0x20da, 0x20dc, 0x250f, 0x2518, 0x2f4a, 0x2f4b, 0x2f53, 0x2f54,
    0x2f59, 0x2f5a, 0x4d49, 0x4d52, 0x4d53, 0x4d54, 0x4d56, 0x4d57,
    0x4d5d, 0x4d6b, 0x4d76, 0x4d83, 0x4d84, 0x4d94, 0x4da8, 0x4dcf,
    0x4dd7, 0x4ddb, 0x4ddd, 0x4ded, 0x4df7, 0x4e03, 0x4e0e, 0x4e16,
    0x4e2c, 0x4e3f, 0x4e40, 0x4e44, 0x4e5a, 0x4e63, 0x4e98, 0x4e9c,
    0x4ea2, 0x4ea5, 0x4ea9, 0x4ec8, 0x4f26, 0x4f2a, 0x4f62, 0x4fa5,
    0x4fae, 0x5018, 0x5091, 0x50ae, 0x50b1, 0x50b4, 0x50bc, 0x50ce,
    0x50d6, 0x50fb, 0x510f, 0x5143, 0x5144, 0x514f, 0x5160, 0x5163,
    0x5164, 0x5166, 0x5179, 0x5180, 0x5196, 0x51b2, 0x51e4, 0x51e8,
    0x51e9, 0x51ea, 0x51f1, 0x525f, 0x5283, 0x528a, 0x529e, 0x52bc,
    0x52e8, 0x5316, 0x531f, 0x532c, 0x5333, 0x5338, 0x5355, 0x5356,
    0x5357, 0x535a, 0x5378, 0x53d5, 0x55b1, 0x5627, 0x563d, 0x5671,
    0x5679, 0x5690, 0x56a0, 0x56d4, 0x5743, 0x57e7, 0x584d, 0x5850,
    0x5856, 0x585f, 0x5863, 0x587a, 0x5914, 0x5aa0, 0x5aa1, 0x5ad5,
    0x5ae3, 0x5ae7, 0x5b28, 0x5b42, 0x5b4f, 0x5b89, 0x5b98, 0x5d3b,
    0x5d9e, 0x5dbf, 0x5dd8, 0x5ddd, 0x5def, 0x5e00, 0x5e43, 0x5e49,
    0x5e4c, 0x5e69, 0x5e9c, 0x5e9e, 0x5ece, 0x5f0f, 0x5f34, 0x5fab,
    0x5fb8, 0x6058, 0x6158, 0x6159, 0x615f, 0x6161, 0x617d, 0x6196,
    0x61b0, 0x6232, 0x6252, 0x625a, 0x6319, 0x63f6, 0x6416, 0x642f,
    0x6487, 0x6491, 0x64bd, 0x64d0, 0x64f9, 0x6502, 0x6529, 0x653f,
    0x6557, 0x663d, 0x6649, 0x6673, 0x6675, 0x6683, 0x66a8, 0x66ae,
    0x66c7, 0x66e3, 0x66e5, 0x672e, 0x6750, 0x6780, 0x6a6a, 0x6aab,
    0x6aac, 0x6aae, 0x6b18, 0x6c1e, 0x6c8a, 0x6c94, 0x6d81, 0x6e2a,
    0x6e5d, 0x7002, 0x7191, 0x7235, 0x72f2, 0x72f9, 0x734f, 0x7468,
    0x7471, 0x747e, 0x7484, 0x7495, 0x74a2, 0x75c7, 0x75cd, 0x761f,
    0x7621, 0x7641, 0x7654, 0x7736, 0x7789, 0x77b5, 0x77b7, 0x7883,
    0x7904, 0x791b, 0x7944, 0x7954, 0x7956, 0x79c8, 0x7a14, 0x7a1f,
    0x7a75, 0x7a92, 0x7a9d, 0x7ae0, 0x7c70, 0x7e08, 0x7e0c, 0x7e11,
    0x7e1c, 0x7e30, 0x7e36, 0x7e5c, 0x7e72, 0x7eb7, 0x8046, 0x8133,
    0x813c, 0x81cb, 0x824c, 0x8325, 0x8795, 0x87b1, 0x88cf, 0x890b,
    0x890f, 0x8911, 0x8912, 0x8aea, 0x8aed, 0x8af2, 0x8af6, 0x8af9,
    0x8b07, 0x8b0a, 0x8b0d, 0x8b1e, 0x8b3d, 0x8b40, 0x8b44, 0x8b4c,
    0x8c6e, 0x8cc0, 0x8cce, 0x8cd3, 0x8d28, 0x8d3c, 0x8eaf, 0x8eb7,
    0x8ec4, 0x8ec6, 0x8edc, 0x8f10, 0x8f1d, 0x8f24, 0x8f49, 0x8f52,
    0x8f63, 0x9031, 0x9046, 0x9096, 0x9116, 0x9118, 0x9477, 0x94c8,
    0x9536, 0x953d, 0x9568, 0x95ad, 0x95d8, 0x9607, 0x96a2, 0x96ab,
    0x973c, 0x97be, 0x97c2, 0x97c3, 0x97cd, 0x99d5, 0x9a21, 0xfe4a,
    0xfe51, 0xfe52, 0xfe55, 0xfe63, 0xfe64, 0xfe68
};

/*Collect the unicode lists and glyph_id offsets*/
static const lv_font_fmt_txt_cmap_t cmaps[] =
{
    {
        .range_start = 32, .range_length = 95, .glyph_id_start = 1,
        .unicode_list = NULL, .glyph_id_ofs_list = NULL, .list_length = 0, .type = LV_FONT_FMT_TXT_CMAP_FORMAT0_TINY
    },
    {
        .range_start = 183, .range_length = 65129, .glyph_id_start = 96,
        .unicode_list = unicode_list_1, .glyph_id_ofs_list = NULL, .list_length = 310, .type = LV_FONT_FMT_TXT_CMAP_SPARSE_TINY
    }
};

/*-----------------
 *    KERNING
 *----------------*/


/*Map glyph_ids to kern left classes*/
static const uint8_t kern_left_class_mapping[] =
{
    0, 0, 0, 1, 0, 0, 0, 0,
    1, 2, 0, 0, 0, 3, 4, 3,
    5, 0, 0, 0, 0, 0, 0, 0,
    0, 0, 0, 6, 6, 0, 0, 0,
    0, 0, 7, 8, 9, 10, 11, 12,
    13, 0, 0, 14, 15, 16, 0, 0,
    10, 17, 10, 18, 19, 20, 21, 22,
    23, 24, 25, 26, 2, 27, 0, 0,
    0, 0, 28, 29, 30, 0, 31, 32,
    33, 34, 0, 0, 35, 36, 34, 34,
    29, 29, 37, 38, 39, 40, 37, 41,
    42, 43, 44, 45, 2, 0, 0, 0,
    0, 0, 4, 0, 0, 0, 0, 0,
    0, 0, 0, 0, 0, 0, 0, 0,
    0, 0, 0, 0, 0, 0, 0, 0,
    0, 0, 0, 0, 0, 0, 0, 0,
    0, 0, 0, 0, 0, 0, 0, 0,
    0, 0, 0, 0, 0, 0, 0, 0,
    0, 0, 0, 0, 0, 0, 0, 0,
    0, 0, 0, 0, 0, 0, 0, 0,
    0, 0, 0, 0, 0, 0, 0, 0,
    0, 0, 0, 0, 0, 0, 0, 0,
    0, 0, 0, 0, 0, 0, 0, 0,
    0, 0, 0, 0, 0, 0, 0, 0,
    0, 0, 0, 0, 0, 0, 0, 0,
    0, 0, 0, 0, 0, 0, 0, 0,
    0, 0, 0, 0, 0, 0, 0, 0,
    0, 0, 0, 0, 0, 0, 0, 0,
    0, 0, 0, 0, 0, 0, 0, 0,
    0, 0, 0, 0, 0, 0, 0, 0,
    0, 0, 0, 0, 0, 0, 0, 0,
    0, 0, 0, 0, 0, 0, 0, 0,
    0, 0, 0, 0, 0, 0, 0, 0,
    0, 0, 0, 0, 0, 0, 0, 0,
    0, 0, 0, 0, 0, 0, 0, 0,
    0, 0, 0, 0, 0, 0, 0, 0,
    0, 0, 0, 0, 0, 0, 0, 0,
    0, 0, 0, 0, 0, 0, 0, 0,
    0, 0, 0, 0, 0, 0, 0, 0,
    0, 0, 0, 0, 0, 0, 0, 0,
    0, 0, 0, 0, 0, 0, 0, 0,
    0, 0, 0, 0, 0, 0, 0, 0,
    0, 0, 0, 0, 0, 0, 0, 0,
    0, 0, 0, 0, 0, 0, 0, 0,
    0, 0, 0, 0, 0, 0, 0, 0,
    0, 0, 0, 0, 0, 0, 0, 0,
    0, 0, 0, 0, 0, 0, 0, 0,
    0, 0, 0, 0, 0, 0, 0, 0,
    0, 0, 0, 0, 0, 0, 0, 0,
    0, 0, 0, 0, 0, 0, 0, 0,
    0, 0, 0, 0, 0, 0
};

/*Map glyph_ids to kern right classes*/
static const uint8_t kern_right_class_mapping[] =
{
    0, 0, 1, 2, 0, 0, 0, 0,
    2, 0, 3, 4, 0, 5, 6, 7,
    8, 0, 0, 0, 0, 0, 0, 0,
    0, 0, 0, 9, 10, 0, 0, 0,
    11, 0, 12, 0, 13, 0, 0, 0,
    13, 0, 0, 14, 0, 0, 0, 0,
    13, 0, 13, 0, 15, 16, 17, 18,
    19, 20, 21, 22, 0, 23, 3, 0,
    0, 0, 24, 0, 25, 25, 25, 26,
    27, 0, 28, 29, 0, 0, 30, 30,
    25, 30, 25, 30, 31, 32, 33, 34,
    35, 36, 37, 38, 0, 0, 3, 0,
    0, 0, 6, 0, 0, 0, 0, 0,
    0, 0, 0, 0, 0, 0, 0, 0,
    0, 0, 0, 0, 0, 0, 0, 0,
    0, 0, 0, 0, 0, 0, 0, 0,
    0, 0, 0, 0, 0, 0, 0, 0,
    0, 0, 0, 0, 0, 0, 0, 0,
    0, 0, 0, 0, 0, 0, 0, 0,
    0, 0, 0, 0, 0, 0, 0, 0,
    0, 0, 0, 0, 0, 0, 0, 0,
    0, 0, 0, 0, 0, 0, 0, 0,
    0, 0, 0, 0, 0, 0, 0, 0,
    0, 0, 0, 0, 0, 0, 0, 0,
    0, 0, 0, 0, 0, 0, 0, 0,
    0, 0, 0, 0, 0, 0, 0, 0,
    0, 0, 0, 0, 0, 0, 0, 0,
    0, 0, 0, 0, 0, 0, 0, 0,
    0, 0, 0, 0, 0, 0, 0, 0,
    0, 0, 0, 0, 0, 0, 0, 0,
    0, 0, 0, 0, 0, 0, 0, 0,
    0, 0, 0, 0, 0, 0, 0, 0,
    0, 0, 0, 0, 0, 0, 0, 0,
    0, 0, 0, 0, 0, 0, 0, 0,
    0, 0, 0, 0, 0, 0, 0, 0,
    0, 0, 0, 0, 0, 0, 0, 0,
    0, 0, 0, 0, 0, 0, 0, 0,
    0, 0, 0, 0, 0, 0, 0, 0,
    0, 0, 0, 0, 0, 0, 0, 0,
    0, 0, 0, 0, 0, 0, 0, 0,
    0, 0, 0, 0, 0, 0, 0, 0,
    0, 0, 0, 0, 0, 0, 0, 0,
    0, 0, 0, 0, 0, 0, 0, 0,
    0, 0, 0, 0, 0, 0, 0, 0,
    0, 0, 0, 0, 0, 0, 0, 0,
    0, 0, 0, 0, 0, 0, 0, 0,
    0, 0, 0, 0, 0, 0, 0, 0,
    0, 0, 0, 0, 0, 0, 0, 0,
    0, 0, 0, 0, 0, 0, 0, 0,
    0, 0, 0, 0, 0, 0, 0, 0,
    0, 0, 0, 0, 0, 0
};

/*Kern values between classes*/
static const int8_t kern_class_values[] =
{
    0, 0, 0, 0, -38, 0, -38, 0,
    0, 0, 0, -21, 0, -33, -4, 0,
    0, 0, 0, -4, 0, 0, 0, 0,
    -7, 0, 0, 0, 0, 0, -7, 0,
    0, 0, 0, 0, 0, 0, 0, 0,
    0, 0, 0, 0, 0, 0, 0, 0,
    0, 0, 0, -7, 0, 0, 0, 0,
    0, 0, 0, 0, 0, 0, 0, 0,
    0, 0, 22, 0, 0, 0, 0, 0,
    0, 0, 0, 0, 0, -35, 0, -47,
    0, 0, 0, 0, 0, 0, 0, 0,
    0, 0, 0, -30, -9, -23, -12, 0,
    -32, 0, 0, 0, -5, 0, 0, 0,
    8, 0, 0, -18, 0, -16, -10, 0,
    -7, 0, 0, 0, 0, 0, 0, 0,
    0, 0, 0, 0, 0, 0, 0, -7,
    -8, -17, 0, -7, -4, -11, -23, -7,
    0, 0, 0, 0, 0, 0, 0, 0,
    0, -8, 0, -5, 0, -6, 0, 0,
    0, 0, 0, 0, 0, 0, 0, 0,
    0, 0, 0, -13, -4, -25, 0, 0,
    0, 0, 0, 0, 0, 0, 0, -9,
    -8, 0, -4, 2, 2, 0, 0, -2,
    -7, 0, 0, 0, 0, 0, 0, 0,
    0, -12, 0, 0, 0, 0, 0, 0,
    0, 0, 0, 0, 0, 0, 0, 0,
    0, 0, -11, 0, 0, 0, 0, 0,
    0, 0, 0, 0, 0, 0, 0, 0,
    0, 0, 0, 0, 0, -21, 0, -26,
    0, 0, 0, 0, 0, 0, -11, -2,
    -4, 0, 0, -21, -5, -6, 0, -3,
    -6, -2, -13, 3, 0, -4, 0, 0,
    0, 0, 3, -6, -2, -5, -4, -4,
    -5, 0, 0, 0, 0, -10, 0, 0,
    0, 0, 0, 0, 0, 0, 0, -7,
    -6, -9, 0, -5, -4, -4, -6, -4,
    0, 0, 0, 0, 0, 0, 0, 0,
    0, -4, 0, -6, -4, -4, -6, 0,
    0, 0, 0, 0, 0, -11, 0, 0,
    0, 0, 0, 0, -11, -4, -9, -5,
    -6, -4, -4, -4, -5, -4, 0, 0,
    0, 0, -7, 0, 0, 0, 0, -11,
    -4, -6, -4, 0, -6, 0, 0, 0,
    0, -9, 0, 0, 0, -5, 0, 0,
    0, -4, 0, -16, 0, -9, 0, -4,
    -2, -8, -7, -7, 0, 0, 0, 0,
    0, 0, 0, 0, 0, 0, 0, 0,
    0, -6, 0, -5, 0, 0, 0, 0,
    0, 0, 0, 0, 0, 0, 0, 0,
    0, 0, 0, 0, 0, 0, 0, 0,
    0, 0, 0, 0, -4, 0, 0, 0,
    0, 0, 0, -9, 0, -4, 0, -13,
    -4, 0, 0, 0, 0, 0, -27, 0,
    -27, -18, 0, 0, 0, -13, -4, -41,
    -9, 0, 0, -3, -3, -9, -4, -10,
    0, -12, -6, 0, -9, 0, 0, -7,
    -9, -4, -7, -10, -8, -11, -8, -14,
    0, 0, 0, -8, 0, 0, 0, 0,
    0, 0, 0, -4, 0, 0, 0, -7,
    0, -6, -4, 0, 0, 0, 0, 0,
    0, 0, 0, 0, 0, 0, 0, 0,
    0, 0, 0, 0, 0, 0, 0, 0,
    0, 0, -9, 0, -9, 0, 0, 0,
    0, 0, 0, -13, 0, 0, 0, 0,
    0, 0, 0, 0, 0, 0, 0, 0,
    0, 0, 0, 0, 0, 0, 0, 0,
    0, 0, 0, 0, 0, -10, 0, -13,
    0, -14, 0, 0, 0, 0, -5, -4,
    -9, 0, -6, -8, -6, -6, -4, 0,
    -8, 0, 0, 0, -5, 0, 0, 0,
    -4, 0, 0, -15, -5, -10, -8, -8,
    -10, -6, 0, -37, 0, -50, 0, -15,
    0, 0, 0, 0, -15, -3, -11, 0,
    -9, -36, -11, -24, -18, 0, -26, 0,
    -25, 0, -5, -6, -4, 0, 0, 0,
    0, -9, -4, -15, -12, 0, -15, 0,
    0, 0, 0, 0, -38, -9, -38, -19,
    0, 0, 0, -16, 0, -43, -4, -6,
    0, 0, 0, -9, -4, -20, 0, -12,
    -8, 0, -7, 0, 0, 0, -4, 0,
    0, 0, 0, -6, 0, -7, 0, 0,
    0, -4, 0, -9, 0, 0, 0, 0,
    0, -4, 0, -5, -5, -6, 0, -4,
    -1, -4, -5, -4, 0, -4, -4, 0,
    -4, 0, 0, 0, 0, 0, 0, 0,
    0, -5, 0, -5, 0, 0, 0, -5,
    0, 4, 0, 0, 0, 0, 0, 0,
    0, -6, -6, -7, 0, 0, 0, 0,
    -6, 0, 0, 0, 0, 0, 0, 0,
    0, 0, 0, -9, 0, 0, 0, 0,
    0, -5, 0, 0, 0, 0, -34, -20,
    -34, -24, -7, -7, 0, -13, -9, -37,
    -10, 0, 0, 0, 0, -7, -6, -15,
    0, -20, -23, -5, -20, 0, 0, -14,
    -19, -5, -14, -9, -9, -10, -9, -21,
    0, 0, 0, 0, -8, 0, -8, -8,
    0, 0, 0, -5, 0, -17, -4, 0,
    0, -4, 0, -4, -6, 0, 0, -4,
    0, 0, -4, 0, 0, 0, -4, 0,
    0, 0, 0, -5, 0, 0, 0, 0,
    0, 0, -23, -7, -23, -11, 0, 0,
    0, -6, -4, -20, -4, 0, -4, 2,
    0, 0, 0, -7, 0, -10, -6, 0,
    -7, 0, 0, -7, -6, 0, -10, -4,
    -4, -6, -4, -8, 0, 0, 0, 0,
    -12, -4, -12, -6, 0, 0, 0, 0,
    -2, -17, -2, 0, 0, 0, 0, 0,
    0, -2, 0, -5, 0, 0, -3, 0,
    0, 0, 0, 0, 0, 0, 0, 0,
    0, -4, 0, -4, 0, -4, 0, -11,
    0, 0, 0, 0, 0, -3, -8, -5,
    -6, -7, -4, 0, 0, 0, 0, 0,
    0, -4, -5, -8, 0, 0, 0, 0,
    0, -8, -4, -8, -6, -4, -8, -6,
    0, 0, 0, 0, -32, -23, -32, -17,
    -11, -11, -5, -6, -6, -30, -7, -6,
    -4, 0, 0, 0, 0, -8, 0, -23,
    -16, 0, -19, 0, 0, -13, -16, -14,
    -12, -6, -9, -12, -6, -17, 0, 0,
    0, 0, 0, -9, 0, 0, 0, 0,
    0, -2, -7, -9, -10, 0, -4, -2,
    -2, 0, -6, -5, 0, -5, -6, -7,
    -5, 0, 0, 0, 0, -6, -6, -5,
    -5, -9, -5, 0, 0, 0, 0, 0,
    0, 0, 0, 0, 0, 0, 0, 0,
    0, 0, 0, -23, -7, -15, -7, 0,
    -20, 0, 0, 0, 0, 0, 6, 0,
    18, 0, 0, 0, 0, -7, -4, 0,
    1, 0, 0, 0, 0, -15, 0, 0,
    0, 0, 0, 0, -9, 0, 0, 0,
    0, -9, 0, -8, -4, 0, -9, 0,
    0, 0, 0, 0, 0, 0, 0, 0,
    0, -6, 0, 0, 0, 0, 0, 0,
    0, -7, 0, -5, -4, -1, -4, 0,
    0, 0, -9, 0, 0, 0, 0, -18,
    0, -7, 0, -4, -17, 0, -11, -5,
    0, -3, 0, 0, 0, 0, -3, -8,
    0, -4, -4, -8, -4, -5, 0, 0,
    0, 0, 0, -10, 0, 0, 0, 0,
    0, 0, 0, 0, 0, -7, 0, -6,
    0, 0, -9, 0, 0, -4, -9, 0,
    -4, 0, 0, 0, 0, -4, 0, -1,
    -1, -2, -1, 0, 0, 0, 0, -9,
    0, 2, 0, 0, 0, 0, -5, 0,
    0, -7, -7, -9, 0, -8, -4, 0,
    -11, 0, -10, -5, 0, -3, -4, 0,
    0, 0, 0, -4, 0, -2, -2, -5,
    -2, -3, 1, 10, 10, 0, -19, -6,
    -19, -3, 0, 0, 5, 0, 0, 0,
    0, 11, 0, 17, 11, 6, 13, 0,
    10, -7, -4, 0, -5, 0, -4, 0,
    -4, 0, 0, 1, 0, -4, 0, -6,
    0, 0, 1, -9, 0, 0, 0, 8,
    0, 0, -14, 0, 0, 0, 0, -11,
    0, 0, 0, 0, -6, 0, 0, -7,
    -6, 0, 0, 0, 11, 0, 0, 0,
    0, -4, -4, 0, 1, -6, 0, 0,
    0, -9, 0, 0, 0, 0, 0, 0,
    -5, 0, 0, 0, 0, -9, 0, -4,
    0, 0, -8, 0, 0, 0, 0, 0,
    0, 0, 0, 0, 0, 0, 0, 0,
    0, 0, 0, 0, 0, 0, 0, -7,
    1, -22, 1, 0, 1, 1, -9, 0,
    0, 0, 0, -15, 0, 0, 0, 0,
    -6, 0, 0, -4, -9, 0, -4, 0,
    -4, 0, 0, -10, -6, 0, 0, -5,
    0, -5, 0, 0, 0, 0, 0, 0,
    0, 0, 0, 0, 0, 0, 0, 0,
    0, 0, 0, 0, 0, 0, 0, 0,
    0, 0, 0, 0, 0, 0, 1, 0,
    0, 0, 0, 0, 0, 0, 0, 0,
    0, 0, 0, -6, 0, 0, 0, 0,
    0, 0, 0, 0, 0, 0, 0, -7,
    0, -6, 0, 0, -10, 0, 0, 0,
    0, 0, 0, 0, 0, 0, 0, 0,
    0, 0, 0, 0, 0, 0, 0, 0,
    0, 0, -24, -9, -24, -9, 2, 2,
    0, -6, 0, -21, 0, 0, 0, 0,
    0, 0, 0, -4, 1, -9, -4, 0,
    -4, 0, 0, 0, -4, 0, 0, 2,
    1, 0, 2, -4, 0, 0, 0, -12,
    0, 2, 0, 0, 0, 0, -8, 0,
    0, 0, 0, -9, 0, -4, 0, 0,
    -7, 0, 0, 0, 0, 0, 0, 0,
    0, 0, 0, -7, 0, 0, 0, 0,
    0, 0, 0, 0, 0, 0, -3, -11,
    -3, -2, 1, 1, -11, 0, 0, 0,
    0, -6, 0, 0, 0, 0, -4, 0,
    0, -7, -6, 0, -4, 0, 0, 0,
    -4, -7, 0, 0, 0, -5, 0, 0,
    0, 0, 0, -5, -16, -5, -16, -7,
    0, 0, 0, -5, 0, -13, 0, -7,
    0, -4, 0, 0, -6, -4, 0, -7,
    -4, 0, 0, 0, -4, 0, 0, 0,
    0, 0, 0, 0, 0, -9, 0, 0,
    0, -5, -21, 0, -21, -2, 0, 0,
    0, -4, 0, -10, 0, -9, 0, -4,
    0, -6, -9, 0, 0, -4, -4, 0,
    0, 0, -4, 0, 0, 0, 0, 0,
    0, 0, 0, -8, -6, 0, 0, -8,
    3, -6, -5, 0, 0, 3, 0, 0,
    -4, 0, -4, -9, 0, -6, 0, -4,
    -12, 0, 0, -4, -8, 0, 0, 0,
    0, 0, 0, -9, 0, 0, 0, 0,
    -5, 0, 0, 0, 0, 0, -16, 0,
    -16, -3, 0, 0, 0, 0, 0, -13,
    0, -7, 0, -4, 0, -4, -5, 0,
    0, -7, -4, 0, 0, 0, -4, 0,
    0, 0, 0, 0, 0, -6, 0, -9,
    0, 0, 0, 0, 0, -8, 0, 0,
    0, 0, 0, 0, 0, 0, 0, -8,
    0, 0, 0, 0, -7, 0, 0, -6,
    -4, 0, -2, 0, 0, 0, 0, 0,
    -4, -4, 0, 0, -4, 0
};


/*Collect the kern class' data in one place*/
static const lv_font_fmt_txt_kern_classes_t kern_classes =
{
    .class_pair_values   = kern_class_values,
    .left_class_mapping  = kern_left_class_mapping,
    .right_class_mapping = kern_right_class_mapping,
    .left_class_cnt      = 45,
    .right_class_cnt     = 38,
};

/*--------------------
 *  ALL CUSTOM DATA
 *--------------------*/

#if LVGL_VERSION_MAJOR == 8
/*Store all the custom data of the font*/
static  lv_font_fmt_txt_glyph_cache_t cache;
#endif

#if LVGL_VERSION_MAJOR >= 8
static const lv_font_fmt_txt_dsc_t font_dsc = {
#else
static lv_font_fmt_txt_dsc_t font_dsc = {
#endif
    .glyph_bitmap = glyph_bitmap,
    .glyph_dsc = glyph_dsc,
    .cmaps = cmaps,
    .kern_dsc = &kern_classes,
    .kern_scale = 16,
    .cmap_num = 2,
    .bpp = 1,
    .kern_classes = 1,
    .bitmap_format = 0,
#if LVGL_VERSION_MAJOR == 8
    .cache = &cache
#endif
};



/*-----------------
 *  PUBLIC FONT
 *----------------*/

/*Initialize a public general font descriptor*/
#if LVGL_VERSION_MAJOR >= 8
const lv_font_t ui_font_chinese_16 = {
#else
lv_font_t ui_font_chinese_16 = {
#endif
    .get_glyph_dsc = lv_font_get_glyph_dsc_fmt_txt,    /*Function pointer to get glyph's data*/
    .get_glyph_bitmap = lv_font_get_bitmap_fmt_txt,    /*Function pointer to get glyph's bitmap*/
    .line_height = 18,          /*The maximum line height required by the font*/
    .base_line = 4,             /*Baseline measured from the bottom of the line*/
#if !(LVGL_VERSION_MAJOR == 6 && LVGL_VERSION_MINOR == 0)
    .subpx = LV_FONT_SUBPX_NONE,
#endif
#if LV_VERSION_CHECK(7, 4, 0) || LVGL_VERSION_MAJOR >= 8
    .underline_position = -2,
    .underline_thickness = 1,
#endif
    .dsc = &font_dsc,          /*The custom font data. Will be accessed by `get_glyph_bitmap/dsc` */
#if LV_VERSION_CHECK(8, 2, 0) || LVGL_VERSION_MAJOR >= 9
    .fallback = NULL,
#endif
    .user_data = NULL,
};



#endif /*#if UI_FONT_CHINESE_16*/

